anime_id,data_coleta,score,scored_by,rank,popularity,members,favorites
16498,2026-08-16,8.5,597876,66.0,1.0,1042783,86458
101922,2026-08-16,8.3,529221,158.0,2.0,984526,60745
113415,2026-08-16,8.4,498802,98.0,3.0,960980,70184
1535,2026-08-16,8.4,499052,104.0,4.0,950893,66472
21459,2026-08-16,7.7,468316,,5.0,866088,34784
11061,2026-08-16,8.9,390228,7.0,6.0,832332,97629
21087,2026-08-16,8.3,418304,151.0,7.0,760900,33296
21,2026-08-16,8.7,288567,29.0,8.0,741287,109197
20605,2026-08-16,7.6,372231,,9.0,733250,27489
20958,2026-08-16,8.5,423918,74.0,10.0,726972,22087
5114,2026-08-16,9.0,331074,3.0,11.0,721164,72396
20,2026-08-16,8.0,387884,303.0,12.0,717831,43050
11757,2026-08-16,7.0,388970,,13.0,712469,26848
20954,2026-08-16,8.8,391028,3.0,1.0,708422,60220
21519,2026-08-16,8.6,404934,15.0,2.0,706960,46393
99147,2026-08-16,8.6,389650,54.0,14.0,680069,22104
21856,2026-08-16,7.9,364305,359.0,15.0,650391,13513
110277,2026-08-16,8.7,330852,35.0,16.0,636568,30876
101759,2026-08-16,8.3,330144,120.0,17.0,628558,26982
127230,2026-08-16,8.3,275923,128.0,18.0,623435,35983
20755,2026-08-16,7.9,272589,374.0,19.0,623169,22852
21507,2026-08-16,8.4,300797,100.0,20.0,620068,37818
21355,2026-08-16,8.1,311786,240.0,21.0,614214,36707
20665,2026-08-16,8.4,274572,107.0,22.0,607891,36672
104578,2026-08-16,9.0,330403,5.0,23.0,605290,32079
1735,2026-08-16,8.2,310589,166.0,24.0,603700,48266
21234,2026-08-16,8.1,307616,231.0,25.0,600315,27584
100166,2026-08-16,7.9,327333,388.0,26.0,596172,12561
9253,2026-08-16,8.9,237830,8.0,27.0,588807,56199
20464,2026-08-16,8.4,288358,118.0,28.0,578395,40173
97940,2026-08-16,7.9,216921,400.0,29.0,576597,32816
101291,2026-08-16,8.1,286383,274.0,30.0,573715,33266
140960,2026-08-16,8.3,271175,141.0,31.0,563798,26667
101921,2026-08-16,8.3,272734,139.0,32.0,553338,30257
105333,2026-08-16,8.1,240856,227.0,33.0,549702,25961
21827,2026-08-16,8.5,226902,63.0,34.0,542502,39184
101348,2026-08-16,8.7,233875,28.0,35.0,539096,38646
4224,2026-08-16,7.8,270910,,36.0,537409,22237
19815,2026-08-16,7.7,278175,,37.0,537399,20222
20447,2026-08-16,7.8,235383,,38.0,535364,18605
20613,2026-08-16,7.3,262490,,39.0,534748,16791
124080,2026-08-16,8.1,235344,245.0,40.0,534172,33634
104276,2026-08-16,7.9,255394,424.0,41.0,528168,12175
20789,2026-08-16,7.3,266125,,42.0,525092,12011
21202,2026-08-16,7.9,260574,402.0,43.0,513394,23888
269,2026-08-16,7.9,196295,397.0,44.0,511611,32750
112151,2026-08-16,8.4,255354,32.0,3.0,503836,15106
20623,2026-08-16,8.1,226004,224.0,45.0,496772,19525
99423,2026-08-16,7.0,245445,,46.0,495549,20659
1575,2026-08-16,8.5,242541,72.0,47.0,494551,34143
30,2026-08-16,8.3,233811,134.0,48.0,489184,44356
145064,2026-08-16,8.6,215978,42.0,49.0,483896,22850
105310,2026-08-16,7.6,192091,,50.0,479009,13917
142329,2026-08-16,8.6,243343,57.0,51.0,478549,17239
199,2026-08-16,8.6,265906,13.0,4.0,476056,23785
14719,2026-08-16,7.7,235535,,52.0,473450,19548
154587,2026-08-16,9.1,207411,1.0,53.0,470789,55435
20931,2026-08-16,8.0,206817,330.0,54.0,463960,16151
97668,2026-08-16,7.4,224607,,55.0,463692,8762
1,2026-08-16,8.6,170305,55.0,56.0,463225,33498
9919,2026-08-16,7.3,206019,,57.0,458179,9196
101280,2026-08-16,8.0,209221,319.0,58.0,456669,23322
99263,2026-08-16,7.6,223945,,59.0,456533,18096
98314,2026-08-16,7.0,230720,,60.0,453080,10006
108465,2026-08-16,8.2,217982,208.0,61.0,450707,26368
20594,2026-08-16,6.6,243048,,62.0,448433,7246
101338,2026-08-16,8.7,221643,25.0,63.0,445288,25552
98659,2026-08-16,7.6,205379,,64.0,442852,16214
120120,2026-08-16,7.7,182042,,65.0,442005,17555
6547,2026-08-16,7.7,212311,,66.0,439818,15463
151807,2026-08-16,8.1,197279,283.0,67.0,438419,20688
131681,2026-08-16,8.7,208700,39.0,68.0,435407,15748
112641,2026-08-16,8.5,216412,62.0,69.0,430976,18093
131573,2026-08-16,8.3,207751,42.0,5.0,430563,12419
20997,2026-08-16,7.5,210497,,70.0,429526,15904
10620,2026-08-16,6.9,201979,,71.0,427772,10381
132405,2026-08-16,8.0,204534,311.0,72.0,422788,20007
21311,2026-08-16,7.7,167389,,73.0,417637,17747
18679,2026-08-16,7.9,177985,413.0,74.0,411929,17689
117193,2026-08-16,7.3,164310,,75.0,410898,8166
20850,2026-08-16,6.7,221413,,76.0,403643,7169
97986,2026-08-16,8.4,173685,90.0,77.0,401686,23192
20923,2026-08-16,7.8,191968,444.0,78.0,400535,11980
20832,2026-08-16,7.7,179419,,79.0,400505,14915
20992,2026-08-16,8.6,209795,53.0,80.0,395833,14091
20920,2026-08-16,7.3,184149,,81.0,393516,10153
15809,2026-08-16,7.5,189963,,82.0,393327,7501
9989,2026-08-16,8.0,192387,315.0,83.0,391539,12774
3588,2026-08-16,7.7,139946,,84.0,388982,16076
11111,2026-08-16,7.1,175583,,85.0,381844,8992
120377,2026-08-16,8.5,187858,9.0,1.0,379090,29493
171018,2026-08-16,8.3,168521,138.0,86.0,378258,18991
14813,2026-08-16,7.8,179120,451.0,87.0,377561,14180
6702,2026-08-16,7.2,159197,,88.0,376403,15278
2001,2026-08-16,8.5,158083,77.0,89.0,375429,29124
108632,2026-08-16,8.3,165016,155.0,90.0,374770,12972
21699,2026-08-16,8.1,201530,276.0,91.0,373498,9919
101347,2026-08-16,8.1,141797,256.0,92.0,371446,16905
99750,2026-08-16,8.4,168436,30.0,6.0,370231,20422
145139,2026-08-16,8.1,168733,289.0,93.0,368144,9860
21170,2026-08-16,8.3,182213,127.0,94.0,366842,12439
431,2026-08-16,8.5,195354,21.0,7.0,359762,23660
21698,2026-08-16,8.7,189328,30.0,95.0,359736,14501
2904,2026-08-16,8.7,197058,34.0,96.0,359497,22831
129874,2026-08-16,8.2,156985,180.0,97.0,356776,7382
128893,2026-08-16,8.0,131341,324.0,98.0,356448,11903
21804,2026-08-16,8.3,146476,2.0,1.0,354674,22488
13601,2026-08-16,8.1,130582,228.0,99.0,353610,14503
106286,2026-08-16,8.1,159646,76.0,8.0,352385,13869
14741,2026-08-16,7.6,157131,,100.0,349717,10921
98460,2026-08-16,7.6,170186,,2.0,349664,16839
12189,2026-08-16,7.9,127909,420.0,101.0,349380,13860
10087,2026-08-16,8.1,159707,246.0,102.0,345606,12983
20474,2026-08-16,7.9,202118,364.0,103.0,341393,14414
5081,2026-08-16,8.2,154034,173.0,104.0,339364,18977
19,2026-08-16,8.8,84367,19.0,105.0,337295,24721
115230,2026-08-16,7.4,142405,,106.0,333082,8326
113936,2026-08-16,8.1,151224,251.0,107.0,332485,8208
21776,2026-08-16,7.7,166269,,108.0,327689,11347
142838,2026-08-16,8.1,139869,243.0,109.0,325970,7229
20829,2026-08-16,7.3,137440,,110.0,325900,8960
99578,2026-08-16,7.8,136340,428.0,111.0,325245,12323
150672,2026-08-16,8.4,143753,114.0,112.0,325137,18839
9756,2026-08-16,8.3,160312,142.0,113.0,322987,23904
137822,2026-08-16,8.0,135136,341.0,114.0,321057,13199
108725,2026-08-16,5.2,127670,,115.0,319851,4688
127720,2026-08-16,8.5,156138,78.0,116.0,318974,13396
116589,2026-08-16,8.3,130658,147.0,117.0,318831,19008
103572,2026-08-16,7.6,163736,,118.0,318404,12145
161645,2026-08-16,8.8,114531,21.0,119.0,317781,26712
133965,2026-08-16,7.6,130536,,120.0,317480,9097
108511,2026-08-16,8.3,131431,164.0,121.0,317361,11098
114535,2026-08-16,8.1,97132,230.0,122.0,314588,10710
21450,2026-08-16,8.4,171849,93.0,123.0,312530,24143
11617,2026-08-16,6.9,155993,,124.0,310746,8947
21128,2026-08-16,8.0,155963,318.0,125.0,309276,7482
130298,2026-08-16,8.1,110682,261.0,126.0,309060,16616
105334,2026-08-16,8.2,117019,191.0,127.0,308626,15881
100388,2026-08-16,8.4,105217,109.0,128.0,306764,20135
113813,2026-08-16,6.5,156600,,129.0,306534,6905
100240,2026-08-16,6.2,147465,,130.0,305492,4057
119661,2026-08-16,8.4,139047,112.0,131.0,303131,11162
176496,2026-08-16,8.4,135252,92.0,132.0,303104,13962
101165,2026-08-16,7.1,141068,,133.0,300691,7446
164,2026-08-16,8.5,145278,25.0,9.0,299252,15288
114236,2026-08-16,7.8,112343,453.0,134.0,298342,6328
102883,2026-08-16,8.5,159019,84.0,135.0,297224,20417
2167,2026-08-16,7.7,122967,,136.0,296976,8236
116006,2026-08-16,7.0,131070,,137.0,296922,6681
918,2026-08-16,8.5,68767,81.0,138.0,293102,17178
6746,2026-08-16,7.9,98548,412.0,139.0,291971,9142
106625,2026-08-16,8.3,140407,121.0,140.0,291694,7884
125367,2026-08-16,8.9,134351,13.0,141.0,289214,15858
20799,2026-08-16,8.3,171233,163.0,142.0,288583,12776
20661,2026-08-16,7.8,121454,438.0,143.0,288143,10572
100182,2026-08-16,7.5,140042,,144.0,286845,7829
7054,2026-08-16,7.8,124034,480.0,145.0,285781,10457
151801,2026-08-16,7.6,105956,,146.0,284656,7426
99539,2026-08-16,7.3,142793,,148.0,284455,4179
8074,2026-08-16,6.7,138684,,147.0,284388,5469
11771,2026-08-16,7.8,128947,440.0,149.0,283764,9352
124845,2026-08-16,7.4,104226,,150.0,283180,8119
18153,2026-08-16,7.4,105203,,151.0,278278,6619
141391,2026-08-16,7.9,98027,406.0,152.0,278108,11068
523,2026-08-16,8.1,139818,95.0,10.0,278089,9062
153288,2026-08-16,8.1,114285,241.0,153.0,278051,9729
205,2026-08-16,8.4,99431,108.0,154.0,277822,16902
5680,2026-08-16,7.8,118524,457.0,155.0,276361,13114
13759,2026-08-16,7.8,124145,469.0,156.0,275108,9478
21613,2026-08-16,7.8,114365,,157.0,274273,9985
20698,2026-08-16,8.1,141951,269.0,158.0,274012,9269
226,2026-08-16,6.8,117780,,159.0,273265,6371
166240,2026-08-16,7.9,119444,361.0,160.0,271996,6153
136430,2026-08-16,8.8,98527,18.0,161.0,271162,15303
116742,2026-08-16,8.2,101565,183.0,162.0,266636,8404
139630,2026-08-16,8.2,79826,199.0,163.0,266413,6712
18897,2026-08-16,7.3,116609,,164.0,266042,5609
120697,2026-08-16,6.9,112187,,165.0,265581,5998
112301,2026-08-16,7.2,113332,,166.0,264358,6518
98437,2026-08-16,7.6,132213,,167.0,264037,5306
121,2026-08-16,7.9,113897,394.0,168.0,263870,8039
17895,2026-08-16,7.5,104095,,170.0,263284,7698
19603,2026-08-16,8.0,139081,304.0,169.0,263273,9149
130003,2026-08-16,8.7,126899,37.0,171.0,261846,28234
140439,2026-08-16,8.7,103805,32.0,172.0,261205,11976
14227,2026-08-16,7.2,108064,,173.0,259328,4980
21518,2026-08-16,7.9,134628,418.0,174.0,258933,3663
4898,2026-08-16,7.3,93516,,175.0,258812,7062
145545,2026-08-16,7.9,115000,423.0,176.0,258564,7124
146065,2026-08-16,8.1,110178,248.0,177.0,257972,7970
104157,2026-08-16,8.4,128656,26.0,11.0,257845,10848
20458,2026-08-16,7.0,108923,,178.0,257545,5888
21049,2026-08-16,7.8,110464,,3.0,256986,7104
107660,2026-08-16,7.7,129561,,179.0,256733,8259
20872,2026-08-16,7.7,101521,,181.0,256650,7814
813,2026-08-16,8.0,137279,293.0,180.0,256558,16002
853,2026-08-16,8.1,113382,281.0,182.0,255377,15613
113538,2026-08-16,8.5,119467,64.0,183.0,253104,8385
172463,2026-08-16,8.6,84598,52.0,184.0,251132,9721
32,2026-08-16,8.5,142666,16.0,12.0,250720,19875
339,2026-08-16,8.0,79572,316.0,185.0,249823,16042
178025,2026-08-16,8.2,63700,181.0,187.0,249504,10524
889,2026-08-16,7.8,88858,436.0,186.0,249487,9353
1689,2026-08-16,7.2,113326,,13.0,248115,5097
6880,2026-08-16,6.7,102724,,188.0,248114,3552
6045,2026-08-16,7.9,83791,417.0,189.0,248020,9121
146984,2026-08-16,8.7,119290,,,246583,7005
16782,2026-08-16,7.5,115738,,14.0,245922,5565
20807,2026-08-16,7.3,116852,,190.0,245852,5842
15583,2026-08-16,6.8,107845,,191.0,244728,5283
101474,2026-08-16,7.7,118839,,192.0,244413,6022
98436,2026-08-16,7.8,81425,455.0,193.0,244078,8328
116267,2026-08-16,7.7,103391,,194.0,243808,8524
111321,2026-08-16,6.5,76044,,195.0,243621,3929
20596,2026-08-16,7.5,103650,,196.0,242825,7396
21092,2026-08-16,7.2,114149,,197.0,242695,6313
437,2026-08-16,8.5,103011,22.0,15.0,242381,17166
101167,2026-08-16,7.1,108565,,198.0,242165,4119
21857,2026-08-16,6.6,113597,,199.0,241438,3380
11741,2026-08-16,8.4,130691,89.0,200.0,240898,10248
102976,2026-08-16,8.2,117604,58.0,16.0,240440,6466
10793,2026-08-16,6.9,96801,,201.0,239453,5383
10165,2026-08-16,8.3,79909,143.0,202.0,238956,12409
159831,2026-08-16,7.6,84899,,203.0,237774,5740
21679,2026-08-16,8.1,114856,263.0,204.0,237256,6082
108463,2026-08-16,7.8,89246,500.0,205.0,236946,11055
100876,2026-08-16,7.1,119534,,206.0,236373,3028
17265,2026-08-16,7.6,93560,,207.0,236121,5355
102351,2026-08-16,6.3,110235,,208.0,235399,3670
158927,2026-08-16,8.0,88639,295.0,209.0,234858,4375
21647,2026-08-16,7.5,90571,,210.0,234082,6162
124153,2026-08-16,8.0,93381,344.0,211.0,233742,12096
100922,2026-08-16,8.2,96357,177.0,212.0,232480,12948
223,2026-08-16,7.8,113204,485.0,213.0,231909,9547
16592,2026-08-16,6.9,108444,,214.0,231756,4644
14513,2026-08-16,7.8,91520,489.0,215.0,230726,5728
109261,2026-08-16,8.0,113104,346.0,217.0,230262,8691
21709,2026-08-16,7.8,113547,465.0,216.0,230247,11375
171627,2026-08-16,9.0,105179,2.0,17.0,230020,17625
110349,2026-08-16,8.1,82928,34.0,4.0,229143,9490
47,2026-08-16,7.9,106575,144.0,18.0,228829,9145
21875,2026-08-16,8.0,102590,125.0,19.0,228679,6449
20727,2026-08-16,7.4,77784,,218.0,227996,5881
100668,2026-08-16,6.5,98502,,219.0,227256,7081
99255,2026-08-16,7.8,115189,483.0,220.0,226469,3093
97938,2026-08-16,5.7,79510,,221.0,223523,4839
129201,2026-08-16,8.3,66757,130.0,222.0,223054,9711
108489,2026-08-16,8.2,97474,174.0,223.0,222349,9886
185660,2026-08-16,8.3,82983,132.0,224.0,222224,6074
153518,2026-08-16,8.5,81655,88.0,225.0,222118,14130
113717,2026-08-16,8.3,85563,122.0,226.0,222031,10172
20668,2026-08-16,7.7,98717,,227.0,221747,6441
4181,2026-08-16,8.8,100506,24.0,228.0,221610,17462
103139,2026-08-16,6.4,108373,,229.0,221157,5048
100723,2026-08-16,7.4,108293,,20.0,220759,2937
21127,2026-08-16,8.4,97406,101.0,230.0,220639,8378
108759,2026-08-16,7.5,106849,,231.0,219768,5006
182255,2026-08-16,8.8,65733,23.0,232.0,218478,8573
99629,2026-08-16,6.8,83075,,233.0,216763,5216
177709,2026-08-16,7.6,61431,,5.0,216595,4878
147105,2026-08-16,8.5,56602,10.0,6.0,216561,10772
20770,2026-08-16,7.9,77784,365.0,235.0,215872,9061
21175,2026-08-16,7.3,113214,,234.0,215870,7435
127911,2026-08-16,6.8,71642,,236.0,213603,4521
21366,2026-08-16,8.3,70539,144.0,237.0,212578,8740
155783,2026-08-16,8.1,73140,236.0,238.0,210488,8167
108430,2026-08-16,8.3,95216,148.0,239.0,209804,14436
143270,2026-08-16,8.1,78926,272.0,240.0,208959,9788
131646,2026-08-16,7.8,65047,473.0,241.0,207840,7170
20910,2026-08-16,6.9,88416,,242.0,205339,3469
877,2026-08-16,8.5,54837,70.0,243.0,205214,16811
227,2026-08-16,7.9,86057,37.0,1.0,205092,14138
166873,2026-08-16,8.3,85499,137.0,245.0,204171,6144
101004,2026-08-16,6.6,92402,,244.0,204086,3516
181444,2026-08-16,8.4,72289,97.0,246.0,203480,11664
20792,2026-08-16,8.2,114999,204.0,247.0,203175,6644
116674,2026-08-16,8.8,78553,17.0,248.0,202866,11786
154965,2026-08-16,7.7,80536,,249.0,202448,6565
108928,2026-08-16,6.3,89565,,250.0,201320,2580
21421,2026-08-16,7.2,76765,,251.0,201247,4144
100977,2026-08-16,7.4,77104,,252.0,201221,3036
129898,2026-08-16,7.2,74766,,254.0,200434,4629
1210,2026-08-16,8.2,67295,197.0,253.0,200411,11140
578,2026-08-16,8.3,95204,41.0,21.0,200404,7308
162804,2026-08-16,7.5,82245,,255.0,200291,6630
131518,2026-08-16,8.1,67479,249.0,256.0,199614,3931
849,2026-08-16,7.6,79095,,257.0,199163,4456
103047,2026-08-16,8.7,74109,6.0,22.0,198902,8481
176301,2026-08-16,8.8,75993,16.0,258.0,198750,10278
21700,2026-08-16,6.8,87432,,259.0,198358,3415
142770,2026-08-16,8.1,71932,72.0,23.0,198328,6797
105156,2026-08-16,7.3,90003,,260.0,198002,4242
112124,2026-08-16,7.4,75628,,261.0,197982,3888
21711,2026-08-16,7.6,70825,,262.0,197533,5082
103223,2026-08-16,8.1,86489,217.0,263.0,196788,5403
20993,2026-08-16,7.5,92417,,264.0,196401,3839
20631,2026-08-16,6.7,82631,,265.0,195999,3166
20994,2026-08-16,7.4,81555,,266.0,195580,4762
15451,2026-08-16,7.1,104567,,267.0,195456,3300
114308,2026-08-16,7.4,90463,,268.0,195305,5034
98291,2026-08-16,7.4,86314,17.0,2.0,195187,3256
20457,2026-08-16,6.7,81477,,269.0,194894,2619
21196,2026-08-16,7.0,80387,,270.0,194774,3286
10408,2026-08-16,8.0,88505,121.0,24.0,193900,6343
131586,2026-08-16,8.7,90839,38.0,271.0,193857,13650
21403,2026-08-16,7.4,99337,,25.0,193857,3651
12355,2026-08-16,8.3,86765,39.0,26.0,192720,7457
457,2026-08-16,8.5,44310,86.0,272.0,192581,8736
11843,2026-08-16,8.0,76009,333.0,273.0,192153,6476
161964,2026-08-16,8.2,72342,195.0,274.0,192034,6653
178788,2026-08-16,8.6,71770,10.0,27.0,191134,6025
163134,2026-08-16,8.4,66420,111.0,275.0,190995,6330
131942,2026-08-16,8.0,82922,50.0,7.0,190461,5902
21595,2026-08-16,7.3,77489,,276.0,189817,2834
11887,2026-08-16,7.5,77343,,277.0,189758,3417
4654,2026-08-16,7.0,70157,,278.0,189265,2623
2251,2026-08-16,8.1,64625,234.0,279.0,189184,7128
114963,2026-08-16,7.3,88129,,28.0,188984,3923
105228,2026-08-16,7.9,70081,382.0,280.0,188428,8355
20966,2026-08-16,7.3,83631,,281.0,188176,3263
163270,2026-08-16,7.7,64106,,283.0,187940,5765
98034,2026-08-16,8.4,86377,116.0,282.0,187936,4855
356,2026-08-16,6.8,82816,,284.0,187751,2772
154768,2026-08-16,8.2,63143,189.0,285.0,186874,5879
114232,2026-08-16,7.0,79375,,286.0,186446,4276
146066,2026-08-16,7.8,68424,448.0,287.0,186210,4423
2890,2026-08-16,7.9,95710,130.0,29.0,186161,6902
21685,2026-08-16,5.9,93729,,288.0,185526,2380
11597,2026-08-16,7.9,99373,375.0,289.0,185149,3140
111762,2026-08-16,8.5,74394,61.0,290.0,185039,6658
512,2026-08-16,8.1,91493,73.0,30.0,184796,7757
20626,2026-08-16,7.4,85247,,291.0,184511,5121
151970,2026-08-16,8.0,60062,297.0,292.0,184451,6520
777,2026-08-16,8.1,70292,13.0,2.0,183982,8119
113596,2026-08-16,8.3,71227,51.0,31.0,183470,7808
156822,2026-08-16,7.8,58664,498.0,293.0,183153,5003
100112,2026-08-16,6.4,79887,,294.0,182490,3674
18507,2026-08-16,7.2,80008,,295.0,182437,3984
33,2026-08-16,8.4,67895,102.0,296.0,182254,11896
18671,2026-08-16,7.4,94939,,297.0,182133,2742
21428,2026-08-16,7.4,73104,,298.0,181696,4439
16894,2026-08-16,8.0,91074,302.0,299.0,181460,3391
163139,2026-08-16,8.2,60664,202.0,300.0,181422,4115
21701,2026-08-16,6.8,73338,,301.0,180942,3724
2966,2026-08-16,8.0,65726,314.0,302.0,180696,5790
97994,2026-08-16,7.0,87675,,303.0,180353,2702
21058,2026-08-16,7.7,66982,,304.0,180250,5502
106479,2026-08-16,7.3,79157,,305.0,180162,4749
166610,2026-08-16,7.8,64536,493.0,306.0,179485,3699
128546,2026-08-16,8.2,63386,198.0,307.0,179224,7577
21861,2026-08-16,7.2,78262,,308.0,177727,1957
20657,2026-08-16,7.3,67545,,309.0,177378,3209
136804,2026-08-16,8.2,57679,179.0,310.0,177261,4268
13125,2026-08-16,8.0,52291,336.0,311.0,177094,6214
934,2026-08-16,7.6,66794,,312.0,176361,5998
133844,2026-08-16,8.0,65443,350.0,313.0,176206,4844
20745,2026-08-16,7.1,92400,,314.0,176029,3266
166531,2026-08-16,8.5,68897,79.0,315.0,175899,5936
2025,2026-08-16,7.7,54222,,316.0,175746,4138
124194,2026-08-16,8.9,71257,6.0,317.0,175432,12042
109963,2026-08-16,7.6,78428,,318.0,175383,2775
43,2026-08-16,8.0,68008,104.0,32.0,174383,7385
245,2026-08-16,8.4,58158,95.0,319.0,174191,9223
97766,2026-08-16,6.5,83507,,320.0,173716,2206
151806,2026-08-16,7.6,65605,,321.0,173651,4484
108553,2026-08-16,7.9,83879,153.0,34.0,173512,3468
2236,2026-08-16,7.8,77374,190.0,33.0,173499,3452
97922,2026-08-16,7.4,67475,,322.0,173265,3082
105190,2026-08-16,7.0,72805,,323.0,172720,3152
126403,2026-08-16,8.6,47474,5.0,8.0,172520,11266
14467,2026-08-16,7.1,63218,,324.0,172513,3351
174576,2026-08-16,7.9,60764,409.0,325.0,171985,5583
249,2026-08-16,7.7,54291,,326.0,171753,7452
100773,2026-08-16,7.7,84971,,327.0,171459,2221
20987,2026-08-16,6.8,77280,,328.0,171347,3065
21385,2026-08-16,6.7,84570,,329.0,170764,1415
17074,2026-08-16,8.8,82223,22.0,330.0,170752,11584
125206,2026-08-16,7.7,65336,,331.0,170607,5464
143338,2026-08-16,7.8,68598,,333.0,169625,7178
21093,2026-08-16,6.6,78046,,332.0,169589,2910
166613,2026-08-16,8.2,38181,209.0,335.0,169231,4195
99468,2026-08-16,7.4,67456,,334.0,169210,4006
6,2026-08-16,8.0,55918,325.0,336.0,168817,7312
14713,2026-08-16,8.1,66164,286.0,337.0,168409,9899
131565,2026-08-16,6.9,57049,,338.0,168091,3300
18115,2026-08-16,8.1,71196,288.0,339.0,167752,4252
107693,2026-08-16,7.7,59216,,340.0,166464,5631
100183,2026-08-16,6.9,76523,,341.0,166257,2389
142984,2026-08-16,7.8,65088,432.0,342.0,166137,3591
7791,2026-08-16,8.2,77841,187.0,343.0,166057,8254
21858,2026-08-16,7.7,71972,,344.0,165980,5685
9260,2026-08-16,8.3,81347,50.0,35.0,165594,4619
99426,2026-08-16,8.4,62321,110.0,345.0,165548,9589
98444,2026-08-16,8.1,62656,229.0,346.0,165282,8482
107717,2026-08-16,8.1,69804,253.0,347.0,164961,4539
162314,2026-08-16,8.7,81953,,,164888,7649
141014,2026-08-16,7.6,67914,,9.0,164854,4549
10719,2026-08-16,6.8,74272,,348.0,164794,1927
20876,2026-08-16,7.1,81230,,349.0,164656,2252
20602,2026-08-16,7.2,69769,,350.0,163758,2404
14345,2026-08-16,6.8,74220,,351.0,163606,1862
116566,2026-08-16,7.5,60719,,352.0,163009,4145
114888,2026-08-16,7.5,57675,,353.0,162880,3860
141949,2026-08-16,7.6,66567,,354.0,162206,6027
100643,2026-08-16,8.5,68566,18.0,36.0,161789,5194
163132,2026-08-16,8.1,58214,257.0,355.0,161750,4612
131083,2026-08-16,7.2,56734,,356.0,161547,2941
20725,2026-08-16,8.1,80634,239.0,357.0,161458,3749
107201,2026-08-16,6.8,54295,,358.0,160867,2330
20678,2026-08-16,6.3,67358,,359.0,160804,2379
98707,2026-08-16,8.3,58898,145.0,360.0,159115,10006
125426,2026-08-16,7.1,68374,,10.0,158433,3174
153152,2026-08-16,8.1,59074,273.0,361.0,158287,6960
98202,2026-08-16,7.8,61037,430.0,362.0,157637,4446
392,2026-08-16,8.3,53404,153.0,363.0,157487,9498
167152,2026-08-16,8.1,40668,284.0,364.0,157113,4613
130592,2026-08-16,6.6,41683,,365.0,156338,1692
20946,2026-08-16,7.7,55619,,366.0,155986,3617
790,2026-08-16,7.6,38276,,367.0,155879,5129
114124,2026-08-16,8.1,51632,287.0,368.0,155476,6292
21131,2026-08-16,6.5,69583,,369.0,155468,2171
98491,2026-08-16,5.7,70368,,371.0,154857,2437
1195,2026-08-16,6.8,66266,,370.0,154804,2880
114745,2026-08-16,8.5,62118,68.0,372.0,154461,5725
1943,2026-08-16,7.9,63079,156.0,37.0,154455,4595
103871,2026-08-16,7.4,63710,,373.0,153886,3391
14289,2026-08-16,7.1,62140,,374.0,153771,2729
128705,2026-08-16,7.7,57450,,11.0,153659,4919
6213,2026-08-16,7.5,57002,,375.0,153483,3043
16742,2026-08-16,6.7,62881,,376.0,152672,3030
20722,2026-08-16,8.2,61794,196.0,377.0,152207,6195
103632,2026-08-16,7.2,59851,,378.0,152040,4426
20811,2026-08-16,8.3,74498,5.0,3.0,151865,3053
178754,2026-08-16,7.8,47146,447.0,379.0,151709,2760
112609,2026-08-16,7.4,54571,,380.0,151487,4374
108241,2026-08-16,6.6,53141,,381.0,151313,2513
20912,2026-08-16,8.0,53599,328.0,382.0,150508,5327
153800,2026-08-16,5.0,27499,,384.0,149711,2156
15689,2026-08-16,7.7,83654,,383.0,149678,1877
115113,2026-08-16,6.7,60584,,385.0,149262,2846
128547,2026-08-16,8.5,60934,73.0,386.0,148966,7195
100077,2026-08-16,8.0,59875,327.0,387.0,148545,4085
114043,2026-08-16,7.2,57159,,388.0,148383,2283
111322,2026-08-16,7.0,36599,,389.0,147918,2302
7785,2026-08-16,8.5,40948,87.0,390.0,147555,9786
153845,2026-08-16,6.3,52789,,391.0,147552,3470
19163,2026-08-16,6.9,76711,,392.0,147331,2103
101001,2026-08-16,7.9,54897,357.0,393.0,147298,5564
113425,2026-08-16,5.8,68386,,,147224,3363
7311,2026-08-16,8.6,60269,14.0,38.0,147172,7312
21400,2026-08-16,8.7,75359,5.0,39.0,146725,7643
104647,2026-08-16,7.3,61808,,394.0,146519,3696
97863,2026-08-16,5.9,65252,,396.0,146448,1909
527,2026-08-16,7.3,70308,,395.0,146408,3832
151384,2026-08-16,8.7,59911,36.0,397.0,146013,4548
8769,2026-08-16,6.5,68251,,398.0,145711,1727
99457,2026-08-16,8.2,52412,62.0,40.0,145178,6269
170942,2026-08-16,8.1,37475,40.0,12.0,145074,5555
17729,2026-08-16,7.2,58035,,399.0,144653,2750
20791,2026-08-16,8.0,71633,106.0,41.0,144615,3354
109190,2026-08-16,8.4,68798,35.0,42.0,144112,3466
1887,2026-08-16,7.5,53721,,400.0,143901,5120
2759,2026-08-16,7.8,74660,202.0,43.0,143755,2193
270,2026-08-16,7.2,47862,,401.0,143719,3111
21290,2026-08-16,6.3,57785,,402.0,143688,1617
178789,2026-08-16,8.4,10639,91.0,404.0,143072,4294
97832,2026-08-16,6.1,65355,,403.0,143072,2484
263,2026-08-16,8.7,44278,40.0,405.0,142556,9228
21399,2026-08-16,8.5,71666,24.0,44.0,142350,3755
16870,2026-08-16,7.6,76103,288.0,45.0,141673,2586
142853,2026-08-16,7.5,47431,,406.0,141530,2858
147103,2026-08-16,7.6,52620,,407.0,141032,4035
112443,2026-08-16,7.0,50284,,408.0,140970,2396
99749,2026-08-16,7.5,55547,,409.0,140688,4532
114121,2026-08-16,7.3,45555,,13.0,140483,3061
3455,2026-08-16,6.5,52923,,410.0,140073,2131
163146,2026-08-16,7.5,53584,,411.0,139940,3156
101168,2026-08-16,6.3,42654,,412.0,139696,2486
114194,2026-08-16,7.8,60393,,413.0,139617,2545
159322,2026-08-16,8.6,56267,49.0,414.0,139593,5283
11633,2026-08-16,6.9,57309,,415.0,139433,1711
11577,2026-08-16,8.2,72938,59.0,46.0,138978,2287
177689,2026-08-16,8.1,36105,280.0,417.0,138710,5749
104464,2026-08-16,7.1,56080,,416.0,138644,2884
185407,2026-08-16,8.6,54909,2.0,14.0,138527,8036
100298,2026-08-16,7.7,60633,,418.0,138417,3269
20513,2026-08-16,7.1,63659,,419.0,138309,1376
112608,2026-08-16,6.8,52399,,420.0,138296,2440
116752,2026-08-16,6.5,49015,,421.0,138261,2078
97888,2026-08-16,7.2,56105,,15.0,138130,2708
126546,2026-08-16,6.9,52228,,422.0,137947,3325
99699,2026-08-16,7.7,43963,,423.0,137886,3870
117612,2026-08-16,7.1,50412,,424.0,137881,2644
166794,2026-08-16,8.1,47481,223.0,425.0,137616,6019
21306,2026-08-16,6.5,47868,,426.0,137453,1459
16067,2026-08-16,7.7,47518,,427.0,137165,3587
162670,2026-08-16,8.3,55090,160.0,428.0,136853,2741
101573,2026-08-16,7.8,47739,463.0,429.0,136665,5635
97767,2026-08-16,7.0,63723,,430.0,136598,2650
130588,2026-08-16,6.8,31750,,431.0,136458,2350
99420,2026-08-16,8.1,44230,225.0,432.0,136068,6880
124410,2026-08-16,6.5,48854,,433.0,135967,1944
20773,2026-08-16,7.2,50324,,434.0,135804,3027
97907,2026-08-16,6.1,59748,,435.0,135324,2014
125428,2026-08-16,6.6,55188,,16.0,135191,2322
99726,2026-08-16,7.3,57677,,437.0,134880,2337
2034,2026-08-16,7.8,45507,462.0,436.0,134852,5082
97980,2026-08-16,7.3,43749,,438.0,134736,2687
132126,2026-08-16,7.8,39776,474.0,440.0,134100,7143
8525,2026-08-16,7.4,55673,,439.0,134076,2258
6594,2026-08-16,8.1,40528,226.0,441.0,133556,4755
136,2026-08-16,8.3,44071,152.0,443.0,133189,4711
3784,2026-08-16,8.1,73697,81.0,47.0,133186,2780
11499,2026-08-16,7.0,52041,,442.0,133160,2063
20955,2026-08-16,7.0,55764,,444.0,133099,1930
21123,2026-08-16,7.5,47851,,445.0,132746,2658
9041,2026-08-16,6.1,59049,,446.0,132047,1412
513,2026-08-16,8.0,64958,100.0,48.0,131980,4295
135806,2026-08-16,7.6,45878,,447.0,131888,3270
11759,2026-08-16,6.7,58613,,448.0,131604,1556
98035,2026-08-16,7.0,59926,,449.0,131338,2427
141911,2026-08-16,8.1,44756,262.0,450.0,131277,5759
112323,2026-08-16,7.0,42435,,451.0,131277,2913
14749,2026-08-16,6.6,55239,,452.0,131196,1436
126192,2026-08-16,6.3,48125,,453.0,131029,2121
18397,2026-08-16,7.7,62224,63.0,4.0,130317,1458
162694,2026-08-16,7.6,44705,,455.0,130302,4210
103900,2026-08-16,7.1,53293,,454.0,130250,2253
154116,2026-08-16,7.6,31018,,456.0,130202,3038
323,2026-08-16,7.6,36513,,457.0,130112,3983
177937,2026-08-16,8.2,34087,192.0,459.0,130037,2464
20671,2026-08-16,7.3,59780,,458.0,129993,1685
189046,2026-08-16,9.0,19468,4.0,460.0,129991,6396
127399,2026-08-16,6.7,52122,,17.0,129912,2562
182896,2026-08-16,8.7,43810,31.0,463.0,129623,4903
21878,2026-08-16,7.3,58968,,461.0,129544,2565
7724,2026-08-16,7.5,39845,,462.0,129499,3354
98478,2026-08-16,8.9,51540,12.0,464.0,129486,10063
21262,2026-08-16,8.5,60345,85.0,465.0,129426,3417
21718,2026-08-16,8.4,67608,34.0,49.0,129396,4208
171457,2026-08-16,8.0,50648,291.0,466.0,129325,5093
110354,2026-08-16,7.2,58443,,18.0,129140,3261
127401,2026-08-16,5.8,34376,,467.0,128830,1547
225,2026-08-16,6.3,68519,,468.0,128350,2313
149118,2026-08-16,7.8,32336,479.0,469.0,128085,2231
195600,2026-08-16,7.8,10572,499.0,473.0,128015,2710
16417,2026-08-16,7.3,42834,,470.0,127827,1986
117448,2026-08-16,6.6,43510,,471.0,127808,2038
128712,2026-08-16,6.1,37168,,472.0,127681,1872
18277,2026-08-16,6.6,48130,,474.0,127253,1449
129196,2026-08-16,7.7,39508,,475.0,127208,2455
4081,2026-08-16,8.0,31799,296.0,476.0,127068,4835
118375,2026-08-16,6.1,48394,,477.0,126946,1928
21574,2026-08-16,7.6,64667,88.0,5.0,126694,1430
182205,2026-08-16,8.2,11234,169.0,480.0,126638,4332
137281,2026-08-16,7.1,39893,,478.0,126428,2451
155907,2026-08-16,8.0,40306,313.0,479.0,126417,4726
142074,2026-08-16,7.1,43785,,482.0,126245,3040
98251,2026-08-16,6.4,58192,,3.0,126239,1306
2476,2026-08-16,5.0,61641,,481.0,126197,1381
114085,2026-08-16,7.2,43047,,483.0,125907,2373
110350,2026-08-16,7.7,41339,,484.0,125842,3166
137908,2026-08-16,7.5,44918,,485.0,125513,3411
111790,2026-08-16,7.9,58456,34.0,6.0,125375,1891
21495,2026-08-16,7.6,44929,,486.0,125286,3251
21364,2026-08-16,7.5,60738,,487.0,125067,2196
2993,2026-08-16,6.3,53423,,488.0,124495,1800
126213,2026-08-16,6.8,43488,,489.0,124490,2170
156092,2026-08-16,8.5,34688,11.0,19.0,124402,6092
107226,2026-08-16,7.1,47105,,491.0,124101,1751
8425,2026-08-16,7.7,37602,,490.0,124073,3253
20607,2026-08-16,8.6,49943,59.0,492.0,124037,10126
20754,2026-08-16,7.4,50402,,493.0,123750,3364
21499,2026-08-16,6.9,40015,,494.0,123721,2492
21745,2026-08-16,8.9,52984,9.0,495.0,123014,7729
146722,2026-08-16,8.2,46731,29.0,20.0,122919,4181
116588,2026-08-16,6.8,43338,,496.0,122700,1998
101302,2026-08-16,8.1,70673,85.0,50.0,122564,4193
10800,2026-08-16,8.0,36940,292.0,497.0,122503,3829
3785,2026-08-16,7.6,66342,289.0,51.0,122272,2523
20593,2026-08-16,7.8,63342,494.0,498.0,122164,1762
174788,2026-08-16,8.6,52618,12.0,52.0,122131,8374
150075,2026-08-16,7.4,40511,,499.0,122073,2067
142876,2026-08-16,8.1,50501,,,121784,1926
15315,2026-08-16,7.0,52799,,500.0,121725,1702
153406,2026-08-16,6.6,29209,,,121665,1961
21341,2026-08-16,7.1,50683,,,121585,1775
117343,2026-08-16,7.0,46670,,,121468,2366
7674,2026-08-16,7.9,38838,384.0,,121380,2870
107067,2026-08-16,7.2,39040,,21.0,121133,1847
20918,2026-08-16,7.9,62240,390.0,,120670,1712
20785,2026-08-16,6.0,56694,,,120624,1447
21455,2026-08-16,7.4,51474,,,120397,2316
151514,2026-08-16,8.6,33982,46.0,,120350,6903
145665,2026-08-16,7.3,25722,,,120068,2639
1818,2026-08-16,7.4,38373,,,119838,2592
9656,2026-08-16,7.9,53278,410.0,,119691,2366
17549,2026-08-16,7.8,41764,497.0,,119638,3509
20519,2026-08-16,7.8,42320,162.0,53.0,119496,2881
4382,2026-08-16,7.2,61285,,,119086,1763
20729,2026-08-16,7.2,28944,,,119034,2353
20996,2026-08-16,9.0,39582,2.0,,118799,6742
21394,2026-08-16,7.7,49995,,,118600,2193
21719,2026-08-16,8.5,57396,20.0,54.0,118188,6216
6347,2026-08-16,7.1,51185,,,117989,1899
139518,2026-08-16,7.8,37816,460.0,,117962,3442
132474,2026-08-16,7.0,39799,,,117925,2321
129188,2026-08-16,7.1,30941,,,117919,1811
21860,2026-08-16,7.5,43873,,,117912,2945
21365,2026-08-16,6.4,40237,,,117831,1073
156067,2026-08-16,7.6,39811,,,117768,3662
11981,2026-08-16,8.4,63430,28.0,55.0,117688,7180
108268,2026-08-16,7.8,39048,,,117301,3621
184951,2026-08-16,8.3,31883,156.0,,116882,4955
3786,2026-08-16,8.5,49458,17.0,56.0,116571,7177
1482,2026-08-16,7.6,31014,,,116288,3258
185,2026-08-16,8.2,42154,182.0,,115553,6466
109298,2026-08-16,8.0,40730,347.0,,115483,4283
182300,2026-08-16,8.2,14181,171.0,,115046,3963
10863,2026-08-16,8.1,62094,17.0,7.0,115041,1062
101310,2026-08-16,7.3,41749,,,114990,2362
8841,2026-08-16,6.9,51400,,,114474,1421
98320,2026-08-16,6.2,42897,,,114452,1382
131520,2026-08-16,7.8,44303,167.0,58.0,114449,3580
180745,2026-08-16,7.8,19258,435.0,,114427,3273
5681,2026-08-16,7.7,53012,217.0,57.0,114396,2513
20849,2026-08-16,6.9,45088,,,114161,1809
14075,2026-08-16,7.6,38698,,,114128,1973
112300,2026-08-16,7.2,38791,,,114093,1982
172019,2026-08-16,8.2,40154,170.0,,113856,2458
169755,2026-08-16,8.6,39952,41.0,,113625,4256
120646,2026-08-16,7.4,40933,,,113391,2116
15051,2026-08-16,7.2,51812,,,112996,3160
139587,2026-08-16,7.4,39707,,22.0,112685,3066
141821,2026-08-16,6.8,30682,,,112527,2649
101432,2026-08-16,8.2,56699,6.0,8.0,112450,1847
268,2026-08-16,7.8,46411,47.0,9.0,112388,3901
167336,2026-08-16,7.0,23726,,,112383,2048
137667,2026-08-16,8.5,23512,12.0,23.0,112338,5265
132052,2026-08-16,6.7,31939,,,112254,1905
97996,2026-08-16,7.8,54559,44.0,10.0,112081,1230
6675,2026-08-16,8.1,47595,84.0,59.0,111987,4444
20812,2026-08-16,8.1,34209,235.0,,111934,2968
146493,2026-08-16,7.4,27829,,,111875,2754
8795,2026-08-16,7.5,44682,,,111836,4094
130586,2026-08-16,6.2,38407,,,111824,1720
100722,2026-08-16,7.0,48950,,,111746,2031
16662,2026-08-16,8.0,47169,108.0,60.0,111734,4126
114065,2026-08-16,7.2,40009,,,111055,2043
100049,2026-08-16,7.6,48157,92.0,11.0,110982,1601
5630,2026-08-16,7.4,38515,,,110908,1335
176508,2026-08-16,8.2,34619,184.0,,110838,3043
112667,2026-08-16,6.6,35999,,,110758,2105
104722,2026-08-16,5.7,42754,,,110580,1453
2593,2026-08-16,7.3,44772,,61.0,110333,1561
146850,2026-08-16,7.4,32902,,,110280,3546
105932,2026-08-16,7.1,39738,,,110270,1895
20981,2026-08-16,7.9,45674,135.0,62.0,110236,2626
20652,2026-08-16,7.8,47665,470.0,,110100,1200
146210,2026-08-16,6.7,32123,,,109802,2524
14833,2026-08-16,7.0,37830,,,109693,1454
97886,2026-08-16,7.7,41179,,,109687,2016
66,2026-08-16,7.9,33534,369.0,,109670,4963
104325,2026-08-16,6.2,44586,,4.0,109563,1938
9969,2026-08-16,8.9,39779,11.0,,109326,3067
8675,2026-08-16,7.3,38060,,,109174,1626
98635,2026-08-16,8.1,55928,16.0,12.0,109117,2284
99425,2026-08-16,7.7,46365,207.0,63.0,109095,3782
129190,2026-08-16,7.2,36128,,,108988,2177
585,2026-08-16,8.1,46700,79.0,64.0,108729,5455
141249,2026-08-16,8.4,36515,115.0,,108606,3059
110270,2026-08-16,7.2,49905,,,108561,2813
21639,2026-08-16,6.9,48251,,,108536,2208
105914,2026-08-16,7.1,44443,,,108412,2355
142769,2026-08-16,7.9,32059,128.0,65.0,108339,3479
143653,2026-08-16,8.0,28086,353.0,,108185,3195
140457,2026-08-16,6.9,35935,,,108070,1850
104454,2026-08-16,7.2,51103,29.0,5.0,107690,1470
7711,2026-08-16,7.7,50615,208.0,66.0,107325,2518
572,2026-08-16,8.1,52397,74.0,67.0,107265,4856
132473,2026-08-16,6.8,36735,,,107003,1448
182587,2026-08-16,8.6,22623,50.0,,106900,3636
136934,2026-08-16,6.6,35463,,,106830,1868
196187,2026-08-16,8.2,11291,200.0,,106606,3121
153930,2026-08-16,7.8,42505,,24.0,106546,3593
175977,2026-08-16,6.7,33579,,25.0,106434,2130
113311,2026-08-16,7.8,35993,487.0,,106253,2503
9513,2026-08-16,7.5,35803,,,105925,2311
1519,2026-08-16,8.0,54177,305.0,,105535,2333
20646,2026-08-16,6.8,39527,,,105449,1009
138565,2026-08-16,8.0,29164,348.0,,105344,2098
116338,2026-08-16,8.0,34680,326.0,,105099,2842
7593,2026-08-16,5.9,50572,,,105031,1072
21686,2026-08-16,6.6,41466,,,104550,1595
530,2026-08-16,7.6,34066,,,104340,4568
99424,2026-08-16,7.1,38180,,,104239,1840
139498,2026-08-16,7.7,30441,233.0,68.0,104164,2012
14967,2026-08-16,6.9,52807,,,104014,886
21180,2026-08-16,7.6,44270,,,103868,1873
103302,2026-08-16,7.8,30042,481.0,,103656,2770
107663,2026-08-16,7.9,40609,427.0,,103463,3159
21390,2026-08-16,6.7,48698,,,103440,1169
141774,2026-08-16,7.9,42769,368.0,,103397,2916
20632,2026-08-16,7.0,47335,,,103381,1698
99088,2026-08-16,8.4,31257,19.0,26.0,103354,3741
166216,2026-08-16,8.6,46012,45.0,,103229,5973
158928,2026-08-16,8.1,35147,99.0,69.0,103118,1698
10161,2026-08-16,7.3,36239,,,102934,3233
98596,2026-08-16,7.0,40901,,,102567,1730
97592,2026-08-16,7.4,44973,,,102551,1459
6707,2026-08-16,6.7,46526,,,102434,1281
8861,2026-08-16,5.6,44477,,,102357,1280
126659,2026-08-16,7.6,36302,280.0,70.0,102324,1732
105018,2026-08-16,7.6,33639,298.0,71.0,102287,2492
8937,2026-08-16,7.3,46085,,,102220,1152
232,2026-08-16,8.1,35921,260.0,,102215,7317
98503,2026-08-16,7.9,40488,401.0,,102180,3701
101281,2026-08-16,7.6,35691,,,102157,2768
156415,2026-08-16,7.3,36302,,,101986,2523
116673,2026-08-16,7.0,41271,,27.0,101772,1350
10110,2026-08-16,6.9,43265,,,101605,1215
16011,2026-08-16,7.1,34345,,,101534,1255
21665,2026-08-16,6.9,40436,,28.0,101501,1296
140596,2026-08-16,7.3,36695,,,101450,1740
10162,2026-08-16,8.1,41936,264.0,,101144,2249
135136,2026-08-16,8.1,37261,252.0,,101078,2963
101351,2026-08-16,6.5,38458,,,101077,2255
125038,2026-08-16,7.7,33353,,,101028,2511
184237,2026-08-16,7.9,30993,,29.0,100995,1777
100878,2026-08-16,8.1,41242,91.0,72.0,100752,2203
14349,2026-08-16,7.6,45503,261.0,73.0,100632,1531
107625,2026-08-16,7.4,46465,,74.0,100609,2164
175914,2026-08-16,8.4,28266,117.0,,100588,3130
7088,2026-08-16,6.2,43732,,,100402,980
101547,2026-08-16,5.2,39456,,,100326,1160
20701,2026-08-16,6.6,42645,,,100288,1406
110353,2026-08-16,7.1,35619,,,100261,1432
124140,2026-08-16,7.8,32076,165.0,75.0,99962,2087
3457,2026-08-16,6.3,42789,,,99860,1784
116741,2026-08-16,7.4,34930,,,99672,1696
10490,2026-08-16,6.2,29961,,,99580,1344
116242,2026-08-16,6.3,35006,,,99451,1362
108623,2026-08-16,7.1,37427,,76.0,99257,1317
107961,2026-08-16,6.2,36738,,,99209,1434
170130,2026-08-16,6.9,33612,,,99111,2527
387,2026-08-16,7.9,25826,356.0,,99067,5385
101316,2026-08-16,7.3,32646,,,98889,2046
20483,2026-08-16,7.1,37495,,,98817,1167
20541,2026-08-16,6.7,38939,,,98805,1752
156039,2026-08-16,6.7,31934,,,98731,2055
178680,2026-08-16,7.7,27044,,,98727,2097
120,2026-08-16,7.5,34010,,,98687,2497
109020,2026-08-16,6.7,35791,,,98507,1542
131680,2026-08-16,8.0,34673,117.0,77.0,98451,2303
21188,2026-08-16,6.2,38914,,,98241,1320
21220,2026-08-16,7.1,52242,,78.0,98226,980
145728,2026-08-16,7.9,22661,363.0,,98185,2707
21851,2026-08-16,6.6,40935,,,98176,1333
157198,2026-08-16,7.2,29937,,,97962,1683
144553,2026-08-16,7.0,31204,,,97952,2106
180367,2026-08-16,7.2,21551,,,97949,1793
3002,2026-08-16,8.2,35711,213.0,,97593,4746
112625,2026-08-16,8.1,46629,41.0,30.0,97494,1436
155211,2026-08-16,8.2,31271,190.0,,97481,2991
20968,2026-08-16,7.6,36242,292.0,79.0,97454,1792
108617,2026-08-16,7.6,30487,,,97412,2322
101903,2026-08-16,8.3,33422,154.0,,97277,4679
5341,2026-08-16,8.1,45242,232.0,,97095,2081
6033,2026-08-16,7.7,47190,,,96876,2831
107871,2026-08-16,6.9,31378,,,96834,1611
100526,2026-08-16,6.6,38390,,,96725,1585
116005,2026-08-16,6.6,30198,,,96703,1732
97880,2026-08-16,7.7,38267,216.0,80.0,96414,2045
98385,2026-08-16,7.3,32530,,,96391,1678
106240,2026-08-16,7.3,31641,,81.0,96293,1880
153658,2026-08-16,8.6,36458,11.0,82.0,96255,2843
71,2026-08-16,7.2,30502,,,96189,1408
129191,2026-08-16,6.1,33065,,,96185,1269
1604,2026-08-16,7.7,31279,,,96148,3746
355,2026-08-16,7.0,34379,,,96111,1302
21676,2026-08-16,6.8,41395,,,95936,929
12531,2026-08-16,8.0,32434,294.0,,95895,3265
16049,2026-08-16,7.9,42382,389.0,,95620,2252
118419,2026-08-16,6.5,33464,,,95605,1507
169580,2026-08-16,8.0,17758,349.0,,95172,3508
111734,2026-08-16,8.1,41319,97.0,83.0,95031,4700
112649,2026-08-16,6.2,35797,,,94867,1361
99634,2026-08-16,7.7,42019,62.0,13.0,94834,1140
148969,2026-08-16,7.4,24234,,,94645,2397
486,2026-08-16,8.1,21630,220.0,,94634,3971
15225,2026-08-16,6.8,42871,,,94620,982
145260,2026-08-16,6.9,33500,,,94596,1898
183161,2026-08-16,6.0,25579,,,94521,2048
151252,2026-08-16,7.2,28354,,,94491,1955
11013,2026-08-16,7.0,34980,,,94394,1331
20057,2026-08-16,7.7,32003,,,94187,2914
5958,2026-08-16,6.7,36496,,,93615,1398
173694,2026-08-16,6.4,29266,,,93400,2033
163623,2026-08-16,7.6,26658,,,92996,2728
13659,2026-08-16,6.5,49224,,,92723,777
152137,2026-08-16,7.1,23359,,,92702,1838
20801,2026-08-16,8.2,41150,203.0,,92626,2972
179966,2026-08-16,8.1,31836,290.0,,92620,3723
21517,2026-08-16,6.3,38308,,,92458,965
12445,2026-08-16,7.5,32068,,,92212,2008
6956,2026-08-16,7.4,36241,,,92089,1353
2246,2026-08-16,8.2,21457,207.0,,92011,4469
21386,2026-08-16,7.5,39629,,14.0,91875,845
186052,2026-08-16,7.0,27897,,,91761,1852
141208,2026-08-16,7.6,27995,,,91648,1892
107068,2026-08-16,7.9,41383,404.0,,91556,2140
108631,2026-08-16,7.2,26006,,,91404,852
20590,2026-08-16,7.4,30502,,,91223,1173
125368,2026-08-16,7.5,38243,,15.0,91129,1048
142455,2026-08-16,7.1,40664,,31.0,91013,1940
146625,2026-08-16,6.6,27471,,,90967,1483
104580,2026-08-16,8.2,42997,,,90898,1285
13161,2026-08-16,6.1,37484,,,90748,837
59,2026-08-16,7.1,31253,,,90584,2110
21509,2026-08-16,6.9,42883,,,90229,1278
19221,2026-08-16,6.7,39565,,,89841,924
1889,2026-08-16,8.0,40902,342.0,,89691,2809
98861,2026-08-16,7.5,32959,,32.0,89673,2302
21006,2026-08-16,7.5,39882,,,89664,1520
134732,2026-08-16,8.1,34852,278.0,,89554,3183
759,2026-08-16,8.1,36611,67.0,84.0,89534,3206
45,2026-08-16,7.9,27116,392.0,,89508,2742
6114,2026-08-16,8.2,25999,215.0,,89487,2853
99540,2026-08-16,6.9,43016,,85.0,89481,899
98514,2026-08-16,7.3,28154,,,89470,2050
119683,2026-08-16,7.0,24451,,,89446,1601
21110,2026-08-16,6.5,40672,,,89230,1006
155963,2026-08-16,7.0,29250,,,89214,1820
153629,2026-08-16,7.6,33903,,,89140,3015
9617,2026-08-16,8.4,47414,36.0,86.0,89073,2830
139648,2026-08-16,7.3,35378,,,89061,1518
162896,2026-08-16,7.7,25725,,,88894,1770
21825,2026-08-16,7.1,41879,,,88669,1497
8676,2026-08-16,6.9,26973,,,88658,1145
12413,2026-08-16,7.5,27075,,,88543,1786
98384,2026-08-16,7.8,43613,173.0,87.0,88528,2152
170695,2026-08-16,6.8,23913,,,88464,1656
10495,2026-08-16,7.4,34427,,,88287,1968
21377,2026-08-16,7.9,44052,140.0,88.0,88196,1715
136707,2026-08-16,7.2,32980,,,88175,1674
160188,2026-08-16,6.9,25039,,,88034,1825
21258,2026-08-16,7.9,40517,407.0,,87955,1865
20879,2026-08-16,7.8,38299,475.0,,87926,899
16762,2026-08-16,6.8,45686,,16.0,87886,726
116867,2026-08-16,7.1,25130,,,87676,1553
98820,2026-08-16,7.0,30048,,,87640,1226
237,2026-08-16,7.8,24834,,,87638,2504
1840,2026-08-16,7.0,43549,,,87539,946
21051,2026-08-16,7.1,30337,,,87521,1914
20031,2026-08-16,7.3,37367,,,87405,1361
135865,2026-08-16,8.1,3473,285.0,,87303,1647
20614,2026-08-16,7.5,41539,,,87250,1392
151040,2026-08-16,7.7,26396,,,87224,2765
20555,2026-08-16,7.8,37443,184.0,89.0,87161,2631
168374,2026-08-16,7.5,29840,,,87131,2612
171046,2026-08-16,8.2,21713,205.0,,87068,1981
199547,2026-08-16,7.6,15535,,,87017,1669
100179,2026-08-16,7.3,30119,,,86909,1484
179062,2026-08-16,8.2,23736,214.0,,86842,2033
154967,2026-08-16,7.9,30057,145.0,90.0,86807,1735
1292,2026-08-16,7.1,34690,,,86644,1487
124675,2026-08-16,5.8,29051,,,86535,1041
112802,2026-08-16,7.6,27019,,,86422,2414
98005,2026-08-16,7.9,29377,366.0,,86400,2559
157397,2026-08-16,6.5,28382,,,86344,1772
21520,2026-08-16,7.4,43305,,33.0,86300,1065
12549,2026-08-16,6.0,34941,,,86201,824
14131,2026-08-16,7.4,34327,,,86100,2966
15037,2026-08-16,5.9,41612,,17.0,86022,982
98762,2026-08-16,8.0,40266,105.0,91.0,85835,1996
20462,2026-08-16,6.9,31365,,,85824,725
11433,2026-08-16,7.1,31503,,,85722,1056
108388,2026-08-16,6.1,34033,,,85721,1128
138882,2026-08-16,7.7,28500,,,85656,1985
189117,2026-08-16,8.5,31412,82.0,,85635,1972
100815,2026-08-16,8.4,38935,3.0,18.0,85484,2129
111314,2026-08-16,5.4,21392,,,85370,958
132010,2026-08-16,7.3,27612,,,85339,1523
481,2026-08-16,7.3,41087,,,85275,2738
146953,2026-08-16,7.2,24539,,,85230,1457
104723,2026-08-16,5.2,29332,,,85224,889
129192,2026-08-16,6.1,24845,,,85066,1423
21659,2026-08-16,7.4,29869,,,85060,1279
178869,2026-08-16,7.7,20871,,,85008,2084
148048,2026-08-16,6.5,24714,,,85002,1567
106509,2026-08-16,7.3,32344,,19.0,84983,1138
154459,2026-08-16,6.7,28090,,,84981,1665
19369,2026-08-16,6.9,34523,,,84891,847
26,2026-08-16,7.6,14031,,,84733,3142
129277,2026-08-16,7.4,24494,,,84683,1852
132456,2026-08-16,6.8,24104,,,84676,1094
163329,2026-08-16,7.7,28388,,,84310,1875
820,2026-08-16,8.8,16439,1.0,20.0,84306,5803
124858,2026-08-16,8.2,32825,210.0,,84242,2759
20503,2026-08-16,6.7,29628,,,84121,957
100483,2026-08-16,6.7,27685,,,84036,1135
20735,2026-08-16,7.0,38858,47.0,6.0,83920,776
10721,2026-08-16,7.9,24903,405.0,,83897,4006
15417,2026-08-16,8.9,32299,10.0,,83861,2179
5,2026-08-16,8.2,39161,60.0,92.0,83818,1796
21096,2026-08-16,8.1,39053,70.0,93.0,83707,5479
20809,2026-08-16,6.7,30720,,,83699,1196
153332,2026-08-16,6.6,28088,,,83616,1957
161474,2026-08-16,8.3,27158,53.0,94.0,83614,1786
130591,2026-08-16,7.0,27418,,,83555,1294
105989,2026-08-16,6.5,33594,,7.0,83522,1075
103275,2026-08-16,7.8,32915,496.0,,83313,2341
170732,2026-08-16,7.9,23005,,34.0,83156,2044
110229,2026-08-16,7.2,38378,,,83147,1270
21362,2026-08-16,5.9,33901,,,83140,965
21624,2026-08-16,8.1,41112,12.0,21.0,83107,946
126791,2026-08-16,6.2,29478,,,82801,1177
12467,2026-08-16,6.9,28473,,,82757,1963
147642,2026-08-16,7.4,27117,,35.0,82741,1939
141534,2026-08-16,7.8,29818,,,82724,1108
179955,2026-08-16,6.9,22413,,,82607,1450
99531,2026-08-16,6.6,28533,,,82585,1557
97889,2026-08-16,8.8,28950,15.0,,82350,2153
186794,2026-08-16,6.6,22336,,,82343,1448
11785,2026-08-16,6.6,28917,,,82311,854
114446,2026-08-16,6.9,24322,,,82164,1330
154391,2026-08-16,6.3,25306,,,82160,1480
20972,2026-08-16,8.4,23127,105.0,,82073,2875
160900,2026-08-16,6.1,21173,,,82003,1523
2605,2026-08-16,7.6,23507,,,81970,1815
97768,2026-08-16,6.9,26485,,,81889,1371
106319,2026-08-16,6.1,32437,,,81818,1173
57,2026-08-16,8.0,21485,299.0,,81760,3027
12477,2026-08-16,7.7,29742,242.0,95.0,81728,1354
467,2026-08-16,8.2,23377,178.0,,81704,2787
116605,2026-08-16,7.6,24603,,,81573,1975
18247,2026-08-16,6.1,39312,,,81414,671
20606,2026-08-16,7.9,35059,421.0,,80936,2202
21626,2026-08-16,7.0,28574,,,80854,976
166617,2026-08-16,8.2,21584,167.0,,80620,2357
152681,2026-08-16,7.2,25490,,,80375,1915
112788,2026-08-16,7.8,33473,201.0,96.0,80342,3588
126288,2026-08-16,8.1,30364,259.0,,80233,4225
440,2026-08-16,8.3,18832,161.0,,80107,6305
20880,2026-08-16,7.9,35186,381.0,,79901,953
163263,2026-08-16,8.5,29564,75.0,,79893,2800
105074,2026-08-16,6.1,31005,,8.0,79734,964
21457,2026-08-16,7.0,28396,,,79703,806
20529,2026-08-16,7.4,31755,,,79494,1203
1281,2026-08-16,7.4,25218,,,79333,1881
104052,2026-08-16,7.6,26017,,,79322,2642
127090,2026-08-16,6.3,28354,,,79253,1716
235,2026-08-16,8.1,24196,216.0,,79076,6000
163292,2026-08-16,7.3,22922,,,78988,1693
16934,2026-08-16,7.3,37395,,22.0,78931,648
115740,2026-08-16,6.8,28598,,,78892,1776
597,2026-08-16,7.5,37835,,97.0,78886,1901
9289,2026-08-16,7.7,24422,,,78751,1344
111428,2026-08-16,7.8,27650,464.0,,78673,2802
20021,2026-08-16,6.2,39230,,,78624,717
97617,2026-08-16,7.2,26362,,,78558,1297
5042,2026-08-16,6.2,34406,,23.0,78512,1033
123802,2026-08-16,7.2,28078,,,78457,1508
21416,2026-08-16,7.5,34925,,24.0,78426,562
104459,2026-08-16,8.4,29559,106.0,,78387,2945
119675,2026-08-16,6.4,16527,,,78330,1052
158417,2026-08-16,7.2,21434,,,78306,1489
15379,2026-08-16,6.8,32200,,,78233,973
99693,2026-08-16,6.2,24838,,,78166,1008
148116,2026-08-16,6.3,24540,,,78143,1428
120209,2026-08-16,7.1,27471,,,78055,1124
13663,2026-08-16,7.1,35655,,,78032,1254
156023,2026-08-16,7.3,24500,,,77840,1921
20663,2026-08-16,6.2,32490,,,77641,737
163076,2026-08-16,7.1,28084,,,77536,1904
141902,2026-08-16,7.8,32727,183.0,98.0,77519,2105
97731,2026-08-16,8.0,45682,,,77480,1600
10080,2026-08-16,7.6,40317,,,77399,786
104252,2026-08-16,6.2,30403,,,77344,1241
21410,2026-08-16,7.3,29772,,,77286,1215
150695,2026-08-16,6.8,25884,,,77245,1790
21460,2026-08-16,8.3,37671,131.0,,77192,3466
109287,2026-08-16,7.0,25470,,,77176,1640
162780,2026-08-16,7.4,26835,,,77004,2871
118465,2026-08-16,5.5,24429,,,76968,1058
172258,2026-08-16,7.9,25771,425.0,,76875,2158
11319,2026-08-16,7.0,36250,,,76844,893
98580,2026-08-16,7.6,36515,,25.0,76803,720
199221,2026-08-16,8.3,19123,150.0,,76801,2097
3712,2026-08-16,6.9,39704,,,76774,771
18753,2026-08-16,7.4,38736,,26.0,76562,718
151639,2026-08-16,6.4,19408,,,76519,1550
416,2026-08-16,7.8,37449,169.0,99.0,76463,2585
20494,2026-08-16,7.5,36146,,27.0,76435,662
4063,2026-08-16,6.5,27461,,,76294,860
228,2026-08-16,7.2,18234,,,76083,1198
12293,2026-08-16,6.4,32174,,,75989,891
2418,2026-08-16,7.9,31044,139.0,100.0,75868,1558
7647,2026-08-16,7.4,25216,,,75849,1129
21560,2026-08-16,5.6,29794,,,75844,1069
158028,2026-08-16,6.2,23185,,,75791,1449
170019,2026-08-16,7.2,13093,,,75770,2075
190327,2026-08-16,8.8,19663,1.0,36.0,75362,3402
154473,2026-08-16,7.0,17151,,,75288,1649
178462,2026-08-16,6.7,23590,,,75231,1425
100010,2026-08-16,6.1,26084,,,75163,1191
20534,2026-08-16,6.4,30121,,,75041,756
20935,2026-08-16,7.3,25942,,,75032,1042
120608,2026-08-16,7.0,23232,,,74936,1134
20527,2026-08-16,7.3,28251,,,74749,867
177474,2026-08-16,6.8,13955,,,74734,1284
98951,2026-08-16,5.8,27156,,,74689,684
5530,2026-08-16,7.2,21345,,,74669,1314
144092,2026-08-16,7.2,23486,,,74599,1658
14837,2026-08-16,7.2,41684,,101.0,74594,958
113693,2026-08-16,7.9,36136,378.0,,74552,1513
8630,2026-08-16,6.4,31027,,,74521,625
1691,2026-08-16,6.7,29506,,,74478,803
16524,2026-08-16,7.2,29577,,,74425,975
158898,2026-08-16,7.4,15193,,,74394,1742
21284,2026-08-16,7.4,25540,,,74363,1118
15039,2026-08-16,7.6,29736,295.0,102.0,74277,712
143277,2026-08-16,7.2,17020,,,74251,1344
12291,2026-08-16,7.2,28242,,,74242,1459
97908,2026-08-16,5.9,31885,,103.0,74024,779
175872,2026-08-16,6.8,15963,,,73998,1416
98443,2026-08-16,6.2,29936,,,73967,641
98292,2026-08-16,7.6,34843,,,73923,1078
100185,2026-08-16,6.6,25145,,,73855,1024
101386,2026-08-16,7.3,28711,,,73684,1463
21221,2026-08-16,6.9,26643,,,73413,772
126047,2026-08-16,6.6,27289,,,73369,1033
147864,2026-08-16,7.5,25763,,,73354,3072
129193,2026-08-16,7.2,22963,,,73271,3010
131548,2026-08-16,7.5,23136,,,73203,1652
108307,2026-08-16,7.3,20603,,,73154,772
154745,2026-08-16,6.7,27540,,,73027,1091
185874,2026-08-16,8.8,4398,20.0,,72990,2271
139274,2026-08-16,7.8,28729,466.0,,72919,2505
141182,2026-08-16,6.9,17745,,,72904,1474
21769,2026-08-16,7.8,35330,41.0,28.0,72904,852
181447,2026-08-16,7.3,19773,,37.0,72879,1664
139092,2026-08-16,7.8,23016,467.0,,72863,1781
13667,2026-08-16,7.4,35701,,104.0,72834,811
170,2026-08-16,8.3,19131,140.0,,72766,3298
21688,2026-08-16,7.9,27884,33.0,29.0,72679,861
122052,2026-08-16,6.9,19709,,,72635,992
185736,2026-08-16,7.6,21842,,,72581,1232
16664,2026-08-16,8.1,30904,83.0,105.0,72545,3167
20574,2026-08-16,7.5,31060,,,72510,1990
20704,2026-08-16,6.4,28152,,,72346,743
176273,2026-08-16,7.3,19722,,,72339,1643
164702,2026-08-16,7.1,20480,,,72315,1280
97663,2026-08-16,6.8,28274,,,72285,1263
186497,2026-08-16,8.3,19648,165.0,,72271,2842
129068,2026-08-16,5.9,24809,,,72116,1020
173780,2026-08-16,7.0,17501,,,72095,1092
18677,2026-08-16,6.4,25163,,,72062,580
100178,2026-08-16,8.3,27189,45.0,106.0,71985,4602
98449,2026-08-16,6.9,25943,,,71761,1121
101283,2026-08-16,6.8,18718,,,71657,844
151379,2026-08-16,7.4,22882,,,71531,1861
104217,2026-08-16,7.9,30243,32.0,30.0,71519,980
142598,2026-08-16,6.4,17545,,,71423,1113
14199,2026-08-16,6.0,25117,,,71419,593
104463,2026-08-16,7.0,24447,,,71408,1067
110733,2026-08-16,7.9,25039,379.0,,71357,1745
17513,2026-08-16,4.7,32934,,9.0,71340,983
7817,2026-08-16,6.4,31622,,,71032,707
552,2026-08-16,7.5,35976,,,71020,2680
139820,2026-08-16,7.1,24226,,38.0,71013,1492
114862,2026-08-16,6.9,19437,,,71007,857
20984,2026-08-16,6.1,29989,,10.0,70990,661
21296,2026-08-16,7.0,24145,,107.0,70988,789
97815,2026-08-16,6.5,34630,,,70970,560
20047,2026-08-16,6.6,26816,,,70923,969
14829,2026-08-16,6.7,29667,,39.0,70696,796
6211,2026-08-16,7.7,23959,,,70654,932
21378,2026-08-16,5.6,25592,,,70606,919
104462,2026-08-16,8.1,23496,265.0,,70581,2022
151847,2026-08-16,7.4,23708,,,70559,1899
10396,2026-08-16,6.8,28565,,,70522,807
20627,2026-08-16,6.3,27803,,,70519,943
861,2026-08-16,7.6,16284,,,70513,1791
98505,2026-08-16,7.5,22685,,,70381,1599
101166,2026-08-16,7.3,28157,,108.0,70338,1084
21281,2026-08-16,7.0,33414,,,70035,987
101361,2026-08-16,6.8,25052,,,69942,825
16918,2026-08-16,7.9,24316,419.0,,69912,1490
13655,2026-08-16,7.2,21459,,,69885,880
9379,2026-08-16,6.8,23811,,,69851,674
9181,2026-08-16,6.9,34053,,,69771,818
4214,2026-08-16,6.4,33948,,,69700,751
97682,2026-08-16,6.8,27246,,,69544,671
127271,2026-08-16,7.3,26808,,109.0,69538,2030
153360,2026-08-16,6.2,24579,,,69465,833
20599,2026-08-16,7.3,23249,,,69428,1250
21887,2026-08-16,6.1,28545,,,69387,808
130590,2026-08-16,6.5,13547,,,69348,931
153818,2026-08-16,7.3,17766,,,69132,1417
20517,2026-08-16,7.3,23838,,,69116,1276
21269,2026-08-16,6.6,21943,,,69104,1099
169417,2026-08-16,6.5,23251,,,69091,1433
126357,2026-08-16,7.4,20718,,40.0,69085,1236
175019,2026-08-16,6.9,19409,,,69055,1343
101972,2026-08-16,8.2,18590,28.0,41.0,68999,3853
124395,2026-08-16,7.1,21618,,,68764,1149
136484,2026-08-16,8.6,25721,4.0,42.0,68744,3284
20963,2026-08-16,7.9,30745,147.0,110.0,68630,1111
101227,2026-08-16,6.6,26658,,,68569,947
11285,2026-08-16,6.3,28683,,,68552,1051
137909,2026-08-16,6.2,19534,,43.0,68441,941
17247,2026-08-16,6.6,26752,,,68415,598
885,2026-08-16,7.6,22009,97.0,31.0,68298,3563
148098,2026-08-16,7.0,19734,,,68240,1144
21268,2026-08-16,7.8,25746,449.0,,68173,2117
117989,2026-08-16,6.2,21185,,,68065,1097
187264,2026-08-16,6.7,18027,,44.0,68051,1261
152802,2026-08-16,7.5,13904,,,67964,1756
16706,2026-08-16,7.8,32626,478.0,,67896,1112
21714,2026-08-16,7.5,22970,,,67832,1765
20595,2026-08-16,8.6,22408,58.0,,67776,1187
163142,2026-08-16,6.9,20591,,,67747,1371
110178,2026-08-16,7.2,33608,27.0,11.0,67654,689
98549,2026-08-16,6.9,29332,,,67485,1208
107956,2026-08-16,6.8,25463,,,67212,1133
98977,2026-08-16,7.2,21724,,,67144,846
98572,2026-08-16,7.1,30328,,,67040,719
145,2026-08-16,7.6,15405,,,67036,2310
199588,2026-08-16,7.6,15215,,,66900,1636
99698,2026-08-16,4.6,28639,,,66853,612
113286,2026-08-16,6.2,22817,,,66832,947
20771,2026-08-16,6.3,25362,,,66769,686
158559,2026-08-16,7.2,14103,,,66725,1569
21033,2026-08-16,6.5,24183,,,66714,741
87486,2026-08-16,7.0,27696,,32.0,66700,685
20514,2026-08-16,7.5,29105,,111.0,66625,698
10790,2026-08-16,7.1,32483,,,66594,557
158704,2026-08-16,7.3,22907,,,66534,2148
182309,2026-08-16,8.4,20663,119.0,,66525,1865
150,2026-08-16,7.6,20531,,,66366,3217
133845,2026-08-16,7.8,14144,195.0,112.0,66256,1320
131863,2026-08-16,6.1,18263,,,66208,909
114840,2026-08-16,6.8,24507,,45.0,66190,1157
140754,2026-08-16,5.5,16449,,,66152,922
131773,2026-08-16,5.0,30846,,,66113,525
21031,2026-08-16,5.3,22749,,,66109,503
19703,2026-08-16,7.5,16120,,,66066,1530
4901,2026-08-16,7.9,31992,38.0,33.0,66027,1320
164212,2026-08-16,8.3,21907,135.0,,66004,4495
146323,2026-08-16,6.1,14546,,,65865,855
109979,2026-08-16,7.7,30868,241.0,113.0,65823,1621
117533,2026-08-16,7.3,19928,,,65803,652
153554,2026-08-16,6.5,19211,,,65797,1097
18689,2026-08-16,8.0,22845,345.0,,65781,2677
9515,2026-08-16,6.2,34223,,34.0,65702,585
182814,2026-08-16,7.2,14200,,,65643,1224
101024,2026-08-16,6.5,18659,,,65627,921
10163,2026-08-16,6.7,23846,,,65458,664
9936,2026-08-16,5.9,22124,,,65406,631
20913,2026-08-16,7.3,25293,,,65384,822
19111,2026-08-16,7.6,35087,,,65179,1414
173693,2026-08-16,6.5,17642,,46.0,65177,1220
139589,2026-08-16,8.1,29018,39.0,47.0,65080,2204
178533,2026-08-16,7.9,25043,393.0,,65076,1992
8516,2026-08-16,7.4,34226,,,65056,663
162983,2026-08-16,7.8,20875,,,64974,1669
127050,2026-08-16,6.7,18047,,,64891,1027
107490,2026-08-16,7.5,21260,,,64850,1668
11703,2026-08-16,6.3,23870,,,64806,484
3782,2026-08-16,7.5,36171,,114.0,64721,602
167143,2026-08-16,6.6,16153,,,64716,931
152523,2026-08-16,6.8,21096,,,64715,1218
102977,2026-08-16,8.1,29449,255.0,,64662,1395
134252,2026-08-16,7.0,20871,,,64560,1012
207141,2026-08-16,6.7,5549,,,64557,1064
102680,2026-08-16,7.0,23559,,,64533,1057
329,2026-08-16,8.0,13950,343.0,,64449,1460
21256,2026-08-16,6.8,26406,,,64439,546
101231,2026-08-16,6.9,29175,,115.0,64418,725
1033,2026-08-16,8.1,25181,68.0,116.0,64394,2813
13271,2026-08-16,7.2,29822,,117.0,64336,668
4059,2026-08-16,7.7,37105,71.0,35.0,64029,616
12859,2026-08-16,7.9,32380,146.0,118.0,63885,900
6573,2026-08-16,7.1,30102,,,63744,558
12729,2026-08-16,6.9,31537,,36.0,63660,667
18245,2026-08-16,7.4,24374,,,63621,1579
20853,2026-08-16,6.5,34289,,,63556,789
128545,2026-08-16,7.3,15829,,,63510,1298
14353,2026-08-16,7.7,31354,246.0,119.0,63472,497
1726,2026-08-16,6.6,23119,,,63450,1035
15227,2026-08-16,8.1,20704,93.0,120.0,63446,1545
127371,2026-08-16,7.9,25603,35.0,37.0,63423,1086
8129,2026-08-16,7.9,20997,422.0,,63075,2720
6500,2026-08-16,5.5,19070,,,62815,523
10213,2026-08-16,6.2,20802,,,62790,595
146676,2026-08-16,6.5,18003,,,62758,1326
4087,2026-08-16,7.6,13424,,,62659,1558
10029,2026-08-16,7.6,30006,299.0,121.0,62619,1517
10030,2026-08-16,8.1,32814,237.0,,62526,842
384,2026-08-16,6.4,22562,,,62442,876
101571,2026-08-16,7.5,32323,,48.0,62429,1574
21005,2026-08-16,7.6,29698,,,62391,1046
20521,2026-08-16,6.9,22429,,,62370,650
140501,2026-08-16,6.1,13584,,49.0,62353,1129
322,2026-08-16,7.8,18487,495.0,,62325,3245
21717,2026-08-16,6.1,25551,,,62182,680
21799,2026-08-16,7.3,31111,,,62175,604
138056,2026-08-16,7.5,22556,,50.0,62173,1168
2104,2026-08-16,7.3,20422,,,62161,980
97730,2026-08-16,5.9,19771,,,62159,574
98657,2026-08-16,6.7,25428,,12.0,62011,752
166710,2026-08-16,6.1,13964,,,61996,803
154364,2026-08-16,7.7,14767,,,61929,1083
5682,2026-08-16,7.5,16293,,,61921,1018
163078,2026-08-16,7.6,19312,,,61899,1502
173295,2026-08-16,7.4,15645,,,61885,1377
113260,2026-08-16,8.3,21370,21.0,,61859,4561
158931,2026-08-16,7.1,14772,,,61834,747
122434,2026-08-16,7.4,21607,,,61632,1193
21339,2026-08-16,7.3,27770,,38.0,61590,671
528,2026-08-16,7.4,34617,,122.0,61579,736
105143,2026-08-16,8.0,29552,109.0,123.0,61516,1250
124195,2026-08-16,7.6,25810,,,61436,1039
5231,2026-08-16,7.7,29937,,,61433,3151
178090,2026-08-16,7.6,18362,,,61395,1251
31,2026-08-16,7.3,27230,,124.0,61386,758
19429,2026-08-16,6.6,27559,,,61320,1707
175443,2026-08-16,7.0,15652,,,61300,1187
195516,2026-08-16,,833,,,61137,1017
20572,2026-08-16,7.5,30055,,39.0,61128,577
142193,2026-08-16,6.5,19990,,,61071,1006
3470,2026-08-16,7.1,22597,,,61048,1008
3783,2026-08-16,7.7,34749,210.0,125.0,61047,737
111965,2026-08-16,5.3,20534,,13.0,60820,795
4282,2026-08-16,8.4,31272,33.0,126.0,60804,2604
128223,2026-08-16,6.9,14946,,,60799,912
122441,2026-08-16,6.0,17006,,,60768,635
5258,2026-08-16,8.5,27961,60.0,,60745,1564
202,2026-08-16,7.4,14303,,,60742,1410
184322,2026-08-16,7.0,17534,,,60686,1326
11761,2026-08-16,6.7,20116,,,60583,528
142877,2026-08-16,7.4,14691,,,60540,1294
147571,2026-08-16,6.2,17450,,,60535,1136
140999,2026-08-16,7.6,18122,251.0,127.0,60495,1025
145604,2026-08-16,5.8,16506,,,60401,754
100402,2026-08-16,7.6,18643,,,60204,1456
100784,2026-08-16,8.6,23800,47.0,,60163,1266
16001,2026-08-16,7.7,35764,74.0,40.0,60126,552
178548,2026-08-16,6.3,15501,,,60125,989
114340,2026-08-16,7.0,23134,,,60078,1364
108478,2026-08-16,6.6,18707,,,60073,735
130050,2026-08-16,7.8,17784,186.0,128.0,60051,1710
163135,2026-08-16,7.2,18033,,,59999,1076
21132,2026-08-16,7.0,28302,,41.0,59960,530
170468,2026-08-16,7.1,15495,,,59932,1119
101239,2026-08-16,7.0,19370,,,59922,1214
186,2026-08-16,8.1,28711,267.0,,59914,1254
20778,2026-08-16,6.7,32449,,129.0,59867,599
21584,2026-08-16,7.2,27211,,,59845,1828
9062,2026-08-16,7.2,30906,,,59842,349
187538,2026-08-16,7.1,3137,,,59837,837
154,2026-08-16,7.4,22021,,,59811,1404
12679,2026-08-16,7.3,14123,,,59790,703
156131,2026-08-16,6.8,14350,,,59540,844
20964,2026-08-16,6.6,20214,,,59494,611
239,2026-08-16,7.9,12745,416.0,,59477,1608
19647,2026-08-16,8.5,24916,80.0,,59435,1372
20537,2026-08-16,6.7,23745,,14.0,59421,477
170083,2026-08-16,7.5,19656,,,59407,1634
121176,2026-08-16,7.9,17087,355.0,,59392,1273
21855,2026-08-16,6.6,17449,,,59331,730
12031,2026-08-16,7.4,14070,,,59238,1085
11933,2026-08-16,7.0,23129,,,59222,620
24,2026-08-16,7.6,18538,,,59103,1283
169441,2026-08-16,7.4,15205,,,59102,925
20995,2026-08-16,7.1,26597,,,59087,932
155168,2026-08-16,6.6,14860,,,59007,597
130166,2026-08-16,6.8,22695,,,58930,1171
172190,2026-08-16,6.9,15064,,,58914,1147
10012,2026-08-16,7.7,24453,53.0,42.0,58912,1324
158709,2026-08-16,6.6,14679,,,58876,1241
1698,2026-08-16,8.0,16724,351.0,,58872,1112
98205,2026-08-16,6.7,19087,,,58826,677
857,2026-08-16,7.0,20802,,,58805,1185
100675,2026-08-16,8.3,22314,49.0,130.0,58741,2188
164244,2026-08-16,6.7,14847,,,58702,926
18139,2026-08-16,7.3,23085,25.0,15.0,58691,682
201903,2026-08-16,8.4,19662,13.0,,58585,4063
16201,2026-08-16,6.8,16676,,,58571,1425
179696,2026-08-16,7.4,11211,,,58516,1067
12365,2026-08-16,8.3,29716,125.0,,58510,1279
106863,2026-08-16,6.4,18471,,,58492,996
16,2026-08-16,7.6,12482,,,58410,1019
170890,2026-08-16,6.4,16840,,,58370,992
20751,2026-08-16,8.6,19277,43.0,,58363,1173
2472,2026-08-16,7.0,27416,,131.0,58333,445
107420,2026-08-16,5.9,19565,,,58227,629
107912,2026-08-16,7.8,19529,,,58191,2286
113359,2026-08-16,8.1,20459,275.0,,58151,1588
10588,2026-08-16,7.3,24015,,,58104,1280
177506,2026-08-16,6.6,17547,,,58029,1028
148109,2026-08-16,6.3,15343,,,58009,845
103874,2026-08-16,7.6,21559,,,57974,1339
126529,2026-08-16,7.3,14259,,,57891,758
158926,2026-08-16,7.4,15724,,,57866,1133
132193,2026-08-16,7.4,25586,,,57862,652
112293,2026-08-16,6.7,22553,,,57841,866
170577,2026-08-16,7.6,10685,,,57797,1372
8086,2026-08-16,7.1,18401,,,57695,840
131019,2026-08-16,7.2,16496,,,57644,931
154412,2026-08-16,7.1,17700,,,57621,1281
21335,2026-08-16,7.7,28900,230.0,133.0,57512,723
107339,2026-08-16,6.4,22414,,,57509,718
10589,2026-08-16,7.2,26625,,132.0,57500,538
10357,2026-08-16,7.5,16264,,,57489,1104
139095,2026-08-16,7.5,10015,,,57469,1352
167419,2026-08-16,6.2,13530,,,57461,890
139310,2026-08-16,7.4,12528,,134.0,57428,960
4280,2026-08-16,7.5,32035,,135.0,57389,481
194393,2026-08-16,7.5,11490,,,57380,1266
9367,2026-08-16,6.3,23449,,,57199,520
173584,2026-08-16,6.3,14772,,,57101,767
182469,2026-08-16,9.0,31501,,,57053,3222
14397,2026-08-16,8.3,27353,136.0,,56889,1145
97625,2026-08-16,6.7,17684,,,56839,715
21778,2026-08-16,7.6,28177,,43.0,56788,883
570,2026-08-16,7.6,19666,252.0,136.0,56663,1771
106051,2026-08-16,7.1,20835,32.0,16.0,56559,766
12175,2026-08-16,6.6,18224,,,56559,485
104051,2026-08-16,6.5,17350,,,56461,636
138424,2026-08-16,8.2,21458,194.0,,56149,1539
21840,2026-08-16,6.4,12315,,,56142,597
133175,2026-08-16,6.2,14064,,,56064,651
97672,2026-08-16,7.0,28379,,,56026,779
6351,2026-08-16,7.5,31010,,44.0,56016,405
104159,2026-08-16,5.8,16967,,,55989,885
477,2026-08-16,7.6,14571,,,55954,1338
101117,2026-08-16,7.6,21934,,,55929,960
20774,2026-08-16,5.8,22198,,,55854,530
430,2026-08-16,7.1,28522,,137.0,55838,526
177552,2026-08-16,6.4,14957,,,55812,878
101925,2026-08-16,8.7,22441,26.0,,55795,1269
21326,2026-08-16,6.9,25695,,45.0,55698,479
99916,2026-08-16,7.6,20745,87.0,46.0,55683,1571
145815,2026-08-16,5.7,15254,,,55664,923
148465,2026-08-16,6.1,16279,,,55635,788
177104,2026-08-16,7.4,16984,,,55629,1354
179965,2026-08-16,5.8,12964,,,55614,1017
165855,2026-08-16,6.6,15311,,,55608,854
143598,2026-08-16,7.0,8111,,,55596,1164
143271,2026-08-16,7.0,12319,,,55554,855
108522,2026-08-16,7.4,26183,,,55542,718
17641,2026-08-16,7.0,26963,,47.0,55537,572
99940,2026-08-16,6.2,20486,,,55484,1094
9760,2026-08-16,7.1,20067,,138.0,55430,667
206914,2026-08-16,8.4,12392,16.0,,55314,1820
20694,2026-08-16,8.1,25375,270.0,,55285,1076
20741,2026-08-16,7.0,26694,,139.0,55250,812
4155,2026-08-16,7.8,28106,203.0,140.0,55201,654
15335,2026-08-16,8.7,26210,4.0,141.0,55192,1307
20448,2026-08-16,7.5,22678,,,55190,563
101289,2026-08-16,5.3,19542,,,55122,588
122349,2026-08-16,7.0,22969,,,55086,589
8246,2026-08-16,7.1,25764,,142.0,55032,488
98448,2026-08-16,7.3,19920,,,54983,941
114129,2026-08-16,9.1,18806,1.0,143.0,54977,3353
162669,2026-08-16,7.4,9003,,,54951,918
139606,2026-08-16,5.9,12884,,,54930,877
195604,2026-08-16,,1089,,,54829,1332
160389,2026-08-16,5.9,14591,,,54672,831
6922,2026-08-16,7.0,23519,,144.0,54670,545
19489,2026-08-16,7.6,26095,273.0,145.0,54629,517
210,2026-08-16,7.5,17027,,,54580,1662
8142,2026-08-16,7.5,18914,,146.0,54571,957
543,2026-08-16,7.8,19225,160.0,147.0,54454,2570
21445,2026-08-16,4.8,21577,,,54379,384
18119,2026-08-16,7.4,19046,,,54366,609
174802,2026-08-16,7.0,16067,,,54310,1070
11737,2026-08-16,7.3,24244,,148.0,54304,511
143866,2026-08-16,7.0,15613,,,54287,772
99507,2026-08-16,6.5,19163,,,54233,534
184591,2026-08-16,7.6,14097,,,54222,1666
136149,2026-08-16,7.2,10885,,150.0,54190,738
16904,2026-08-16,7.4,22214,,149.0,54187,583
139311,2026-08-16,7.3,12763,,151.0,54132,961
10521,2026-08-16,7.6,27308,,,54114,505
106918,2026-08-16,7.3,19511,,,54051,799
98702,2026-08-16,7.3,21558,,48.0,54027,372
103221,2026-08-16,7.2,15063,,152.0,54024,1386
168139,2026-08-16,7.2,16768,,,53983,1192
20556,2026-08-16,6.8,19710,,,53951,347
20635,2026-08-16,7.6,24921,,,53893,1070
139821,2026-08-16,7.3,16505,,,53877,1354
20159,2026-08-16,7.5,32123,,,53864,741
6205,2026-08-16,5.8,21259,,,53842,395
21733,2026-08-16,8.6,17228,44.0,,53756,2508
112357,2026-08-16,6.4,24378,,,53701,596
153452,2026-08-16,7.4,12694,,,53697,590
101349,2026-08-16,6.4,15832,,,53684,751
10271,2026-08-16,8.2,23810,201.0,,53666,1926
13469,2026-08-16,7.2,28615,,49.0,53662,312
108891,2026-08-16,8.3,22452,133.0,,53647,1811
100891,2026-08-16,7.3,19739,,,53641,1082
19769,2026-08-16,5.4,20253,,,53637,359
180136,2026-08-16,6.7,2917,,,53619,869
10218,2026-08-16,7.4,28276,,153.0,53608,881
5040,2026-08-16,8.1,19909,277.0,,53597,1570
110355,2026-08-16,8.3,20762,124.0,,53496,1553
550,2026-08-16,7.0,23504,,,53444,928
21066,2026-08-16,7.1,18801,,,53431,691
11977,2026-08-16,8.0,23571,110.0,154.0,53389,563
5205,2026-08-16,8.1,26713,71.0,155.0,53357,1573
127412,2026-08-16,7.6,16832,,,53303,1429
100645,2026-08-16,6.6,19344,,17.0,53297,580
20553,2026-08-16,6.4,19921,,,53295,533
127366,2026-08-16,6.6,19218,,,53292,615
20806,2026-08-16,6.9,16133,,,53212,1111
180812,2026-08-16,6.5,12609,,,53177,879
178433,2026-08-16,6.6,11923,,,53173,968
21184,2026-08-16,7.1,16354,,,53167,801
182483,2026-08-16,6.9,8409,,,53136,933
159808,2026-08-16,7.0,15122,,,53130,1039
99714,2026-08-16,8.2,23630,175.0,,53089,902
20520,2026-08-16,6.7,24151,,,53032,967
21684,2026-08-16,7.3,21628,,156.0,52881,674
133898,2026-08-16,7.6,24678,287.0,157.0,52801,1198
195539,2026-08-16,,336,,,52726,593
5204,2026-08-16,7.0,27652,,158.0,52627,395
11979,2026-08-16,8.2,22727,65.0,159.0,52620,634
155418,2026-08-16,7.0,18267,,,52596,1014
19951,2026-08-16,7.1,22814,,160.0,52590,500
4565,2026-08-16,8.5,21489,23.0,161.0,52513,1310
21823,2026-08-16,7.5,17629,,,52475,1305
97917,2026-08-16,8.1,19225,89.0,162.0,52470,2072
156891,2026-08-16,7.4,16919,,,52408,1569
21292,2026-08-16,7.0,17769,46.0,18.0,52368,618
19291,2026-08-16,7.4,26634,,,52305,1108
7769,2026-08-16,6.8,19544,,,52291,382
154966,2026-08-16,8.1,23332,,,52228,925
20767,2026-08-16,7.6,25616,95.0,50.0,52206,948
11553,2026-08-16,7.2,24255,,51.0,52171,418
21425,2026-08-16,8.1,20160,88.0,163.0,52129,1448
101,2026-08-16,6.8,20887,,,52125,721
100332,2026-08-16,6.6,17543,,,52078,370
155730,2026-08-16,6.7,13399,,,52066,837
210031,2026-08-16,8.2,3931,211.0,,52007,936
442,2026-08-16,6.8,27582,,164.0,52004,388
10568,2026-08-16,7.1,17077,,,51838,448
16353,2026-08-16,7.1,17563,,,51764,443
13535,2026-08-16,7.4,19358,,,51748,612
18179,2026-08-16,7.7,20507,,,51731,1104
8407,2026-08-16,7.0,25255,,,51731,535
1530,2026-08-16,7.6,19689,,,51715,1047
125124,2026-08-16,7.1,14342,,,51628,693
6811,2026-08-16,8.1,20329,282.0,,51625,1456
113950,2026-08-16,7.4,16028,,,51532,1254
12115,2026-08-16,7.9,26661,133.0,165.0,51501,1295
161476,2026-08-16,6.5,10266,,,51475,770
20819,2026-08-16,7.8,23387,458.0,,51455,686
101261,2026-08-16,7.3,16812,,,51358,1370
10711,2026-08-16,6.8,23139,,,51281,407
1559,2026-08-16,7.7,17812,,,51237,1179
8557,2026-08-16,7.2,17960,,,51210,703
5300,2026-08-16,8.3,21386,123.0,,51195,1007
21874,2026-08-16,7.0,22386,,166.0,51189,594
100500,2026-08-16,7.3,13924,,,51146,1138
114302,2026-08-16,6.1,14799,,,51099,622
433,2026-08-16,6.8,17098,,167.0,51099,379
4752,2026-08-16,6.5,25154,,,51096,638
135778,2026-08-16,7.1,11841,,,51090,778
98658,2026-08-16,7.7,17712,,,51074,2152
16732,2026-08-16,7.0,18391,,,51066,526
10067,2026-08-16,7.1,28157,,,51030,178
7592,2026-08-16,7.3,14923,,,51028,729
4437,2026-08-16,6.9,24159,,168.0,50989,372
100749,2026-08-16,7.2,20462,,169.0,50966,641
155890,2026-08-16,7.3,14466,,,50946,951
21791,2026-08-16,7.6,23433,82.0,52.0,50849,621
20592,2026-08-16,6.0,18911,,,50843,435
2787,2026-08-16,7.2,23283,,,50841,426
21104,2026-08-16,7.2,21645,,53.0,50836,457
178886,2026-08-16,7.6,15434,,,50825,1305
151189,2026-08-16,6.8,14452,,,50775,716
103303,2026-08-16,7.5,2553,,,50753,543
3701,2026-08-16,7.9,12659,398.0,,50733,2190
21660,2026-08-16,6.8,23595,,54.0,50705,388
4975,2026-08-16,5.7,22342,,,50611,263
164172,2026-08-16,7.3,12135,,,50607,1174
21637,2026-08-16,7.3,22762,20.0,19.0,50537,958
21557,2026-08-16,6.1,15337,,,50536,423
187,2026-08-16,7.8,24817,168.0,170.0,50483,923
176276,2026-08-16,7.4,10669,,,50475,1206
168138,2026-08-16,7.1,12358,,,50449,1063
5356,2026-08-16,7.1,15258,,,50275,1300
197824,2026-08-16,7.3,7966,,,50262,1110
185262,2026-08-16,7.2,10772,,,50230,962
163147,2026-08-16,7.3,15320,,171.0,50100,674
141351,2026-08-16,7.1,18710,,,50055,521
180746,2026-08-16,7.1,12452,,,50042,1102
18,2026-08-16,8.0,22040,312.0,,49987,1057
15085,2026-08-16,5.4,20945,,,49923,483
12113,2026-08-16,7.5,26390,,172.0,49856,805
7193,2026-08-16,7.3,11967,,,49851,610
8460,2026-08-16,6.6,21696,,55.0,49771,525
130549,2026-08-16,6.9,14540,,,49752,646
187260,2026-08-16,7.4,2814,,,49714,840
9941,2026-08-16,7.8,16690,429.0,,49693,3041
2924,2026-08-16,7.5,16703,,,49639,597
97918,2026-08-16,7.5,18464,,173.0,49568,785
102882,2026-08-16,7.4,22400,,,49493,1121
129195,2026-08-16,6.4,8957,,,49445,703
158539,2026-08-16,7.2,22659,,,49412,1144
20800,2026-08-16,7.2,15520,,,49404,939
99131,2026-08-16,7.2,18839,,,49381,730
21815,2026-08-16,6.7,18652,,56.0,49380,462
18095,2026-08-16,6.4,16610,,,49286,351
100855,2026-08-16,7.7,19847,,,49212,1068
17909,2026-08-16,7.7,13319,,,49154,938
112818,2026-08-16,5.4,14833,,,49101,627
177385,2026-08-16,8.7,13701,33.0,,49085,3077
6862,2026-08-16,7.7,26480,57.0,57.0,49074,432
106967,2026-08-16,6.1,18443,,,49044,791
12431,2026-08-16,8.3,9687,149.0,,48987,1394
20583,2026-08-16,5.9,18273,,,48982,337
194884,2026-08-16,8.4,13035,,,48933,998
21382,2026-08-16,6.2,18345,,,48929,551
1564,2026-08-16,6.9,24735,,,48924,527
161802,2026-08-16,7.6,15335,91.0,58.0,48915,879
179302,2026-08-16,7.4,12121,,,48903,880
187942,2026-08-16,7.3,12151,,,48884,1184
101045,2026-08-16,6.6,20395,,,48882,424
136192,2026-08-16,8.2,14864,57.0,174.0,48870,1002
10379,2026-08-16,8.4,19292,103.0,,48852,1029
13357,2026-08-16,6.8,23328,,,48834,555
97995,2026-08-16,6.2,12038,,,48819,709
11665,2026-08-16,8.5,17737,67.0,,48808,1149
162985,2026-08-16,5.9,11454,,,48807,656
97716,2026-08-16,6.1,15863,,,48805,458
949,2026-08-16,7.7,17255,72.0,59.0,48747,2200
21567,2026-08-16,5.0,22280,,,48718,260
149326,2026-08-16,6.3,12318,,,48661,644
113428,2026-08-16,6.9,13282,,,48639,597
131516,2026-08-16,7.4,15287,,,48627,976
108577,2026-08-16,7.3,14314,,175.0,48622,702
97903,2026-08-16,7.5,15391,,,48608,1740
143337,2026-08-16,6.7,9214,,,48590,717
143085,2026-08-16,7.3,11851,,,48560,727
3503,2026-08-16,5.7,16969,,,48479,377
19775,2026-08-16,7.3,17339,,,48466,648
156040,2026-08-16,6.9,14830,,,48378,927
1462,2026-08-16,7.5,12541,,176.0,48279,993
198188,2026-08-16,7.9,12740,132.0,177.0,48266,1078
116287,2026-08-16,6.4,13138,,,48261,730
177699,2026-08-16,7.6,2786,,,48210,802
21361,2026-08-16,6.4,15077,,,48162,436
743,2026-08-16,6.3,20968,,,48160,682
98389,2026-08-16,6.2,16778,,,48095,587
21838,2026-08-16,6.9,19486,,,48031,1815
20769,2026-08-16,6.4,20029,,,47979,449
168872,2026-08-16,8.4,11988,17.0,,47971,1260
6325,2026-08-16,7.1,21807,,178.0,47960,378
159309,2026-08-16,6.7,1836,,,47920,748
113418,2026-08-16,7.2,14341,,,47814,1283
133007,2026-08-16,,501,,179.0,47762,641
21340,2026-08-16,6.6,17360,,,47748,623
4725,2026-08-16,7.6,17314,,,47728,2517
1686,2026-08-16,7.1,23632,,180.0,47715,512
80,2026-08-16,7.7,16389,,,47644,2026
108111,2026-08-16,6.3,19814,,20.0,47642,492
7148,2026-08-16,6.1,17350,,,47589,410
1029,2026-08-16,7.3,18335,,181.0,47523,1445
20670,2026-08-16,7.8,20092,42.0,60.0,47519,883
162803,2026-08-16,7.4,14922,,,47475,681
79,2026-08-16,6.5,16858,,,47426,408
178434,2026-08-16,7.3,14463,,,47420,808
165790,2026-08-16,7.0,14188,,,47396,707
151380,2026-08-16,7.6,13020,,,47386,1318
154214,2026-08-16,6.9,12825,,,47282,885
21708,2026-08-16,6.5,16300,,,47264,406
6802,2026-08-16,7.4,13943,,,47254,961
21191,2026-08-16,7.4,21265,,182.0,47243,833
198966,2026-08-16,,495,,,47207,533
21000,2026-08-16,7.1,26156,40.0,21.0,47129,290
6512,2026-08-16,6.7,18585,,,47121,360
195515,2026-08-16,6.2,9747,,,47095,683
171952,2026-08-16,,377,,183.0,47087,757
10020,2026-08-16,7.0,27166,,,47087,275
21038,2026-08-16,7.3,16192,,,47017,757
44,2026-08-16,8.5,17876,2.0,61.0,47002,2241
180523,2026-08-16,7.4,13779,,,46936,1155
482,2026-08-16,7.0,23803,,,46905,1290
179689,2026-08-16,6.5,12236,,,46902,671
11751,2026-08-16,6.9,16071,,,46836,972
122348,2026-08-16,7.3,15388,,,46814,740
12403,2026-08-16,7.7,24372,,,46789,634
9863,2026-08-16,7.8,12254,441.0,,46778,1077
936,2026-08-16,6.5,22576,,184.0,46772,318
107418,2026-08-16,5.3,12865,,,46759,349
181641,2026-08-16,,556,,,46748,711
16009,2026-08-16,6.9,16562,,,46709,422
87494,2026-08-16,7.0,18319,,,46550,1179
181841,2026-08-16,8.0,11978,311.0,,46514,1725
721,2026-08-16,8.1,12323,249.0,,46514,3099
146346,2026-08-16,4.6,14192,,22.0,46484,608
666,2026-08-16,7.3,14180,,62.0,46441,953
124223,2026-08-16,8.3,17235,126.0,,46428,3113
11701,2026-08-16,6.9,24387,,63.0,46263,299
1690,2026-08-16,7.3,9770,,,46218,466
100556,2026-08-16,6.4,14183,,,46215,651
180516,2026-08-16,8.5,17631,71.0,,46144,2499
113231,2026-08-16,6.0,14279,,,46111,415
180082,2026-08-16,7.3,9394,,,46063,914
194317,2026-08-16,6.4,8584,,,46025,879
190704,2026-08-16,7.0,7319,,,45974,797
160181,2026-08-16,6.4,9344,,,45965,786
20951,2026-08-16,6.9,14125,,,45950,457
21746,2026-08-16,6.1,13228,,,45930,348
21291,2026-08-16,6.6,16859,,,45873,406
141852,2026-08-16,7.3,11028,,,45727,847
163327,2026-08-16,7.9,14924,,,45718,1120
128643,2026-08-16,7.7,11520,65.0,64.0,45674,735
160447,2026-08-16,6.5,13455,,,45671,768
1117,2026-08-16,7.1,24805,,185.0,45664,421
114087,2026-08-16,8.0,14063,332.0,,45650,923
109819,2026-08-16,7.6,21793,79.0,65.0,45603,455
19685,2026-08-16,6.0,17437,,,45597,325
135102,2026-08-16,6.8,14370,,,45556,897
145140,2026-08-16,7.1,12157,,,45515,874
72,2026-08-16,7.7,21319,,,45491,935
18229,2026-08-16,7.0,15670,,,45419,638
198113,2026-08-16,7.4,8837,,,45381,802
21472,2026-08-16,6.7,17978,,23.0,45358,405
140660,2026-08-16,7.0,13257,,,45345,940
180292,2026-08-16,6.2,11077,,,45246,758
139093,2026-08-16,7.9,15034,385.0,,45217,912
97833,2026-08-16,4.8,18725,,24.0,45193,479
98506,2026-08-16,7.2,13308,,,45164,610
13367,2026-08-16,6.0,17673,,,45143,299
154692,2026-08-16,6.9,15556,,,45102,738
12049,2026-08-16,7.1,21820,,186.0,45072,502
190143,2026-08-16,7.6,8630,,,45009,1106
100714,2026-08-16,6.7,13331,,,44931,700
101215,2026-08-16,8.5,16874,84.0,,44909,1780
174043,2026-08-16,5.7,10993,,,44883,605
178005,2026-08-16,7.8,12069,,,44882,1824
102926,2026-08-16,6.7,14480,,,44857,770
101344,2026-08-16,8.3,13931,46.0,187.0,44846,642
169969,2026-08-16,6.2,11246,,,44839,675
115183,2026-08-16,6.3,10964,,,44811,431
4722,2026-08-16,7.8,15861,,,44795,1399
20719,2026-08-16,6.9,20765,,,44754,307
1827,2026-08-16,7.9,10623,394.0,,44750,842
8424,2026-08-16,6.5,19142,,,44717,361
189,2026-08-16,6.6,15489,,,44712,496
142701,2026-08-16,7.3,12899,,,44687,933
20467,2026-08-16,7.0,22477,,,44645,421
208044,2026-08-16,6.4,2395,,,44638,660
3652,2026-08-16,7.1,20281,,66.0,44628,474
21803,2026-08-16,7.7,13270,75.0,67.0,44613,973
20666,2026-08-16,8.1,20407,218.0,,44536,1636
112444,2026-08-16,7.0,14679,,,44476,560
7338,2026-08-16,7.6,20335,,,44476,419
182206,2026-08-16,7.4,3765,,188.0,44464,704
20629,2026-08-16,6.5,17759,,,44458,454
19315,2026-08-16,2.7,22104,,25.0,44427,158
183133,2026-08-16,6.4,12007,,,44390,693
801,2026-08-16,8.4,15543,113.0,,44374,1593
123899,2026-08-16,7.5,9606,,189.0,44353,629
6201,2026-08-16,6.2,15831,,,44307,450
146234,2026-08-16,6.0,11412,,,44301,626
8247,2026-08-16,7.3,20783,,190.0,44257,557
185542,2026-08-16,6.6,1878,,,44234,630
100665,2026-08-16,6.7,18953,,,44217,718
357,2026-08-16,6.1,19302,,68.0,44212,596
178100,2026-08-16,5.7,11460,,,44157,606
108945,2026-08-16,7.2,15878,,69.0,44128,436
105081,2026-08-16,7.4,13758,,,44127,905
101381,2026-08-16,7.1,18556,,,44120,1388
105807,2026-08-16,6.3,16149,,,44105,531
21565,2026-08-16,7.1,21189,,70.0,44092,322
99734,2026-08-16,6.7,17137,,26.0,44089,332
101597,2026-08-16,5.8,16348,,,44013,429
122808,2026-08-16,7.6,13707,,,43838,896
2994,2026-08-16,7.4,15431,,,43779,438
21078,2026-08-16,6.7,17346,,,43778,632
146954,2026-08-16,5.4,11830,,,43709,688
114195,2026-08-16,7.4,19276,,71.0,43659,740
165254,2026-08-16,6.4,11710,,,43650,665
10278,2026-08-16,7.5,13998,,,43643,1069
20705,2026-08-16,5.2,11619,,,43632,528
155158,2026-08-16,7.8,19381,456.0,,43600,1352
20889,2026-08-16,7.3,19793,,72.0,43596,303
20547,2026-08-16,5.5,18218,,,43580,239
110547,2026-08-16,6.9,15567,,,43571,609
128034,2026-08-16,6.2,11820,,,43568,543
119056,2026-08-16,6.0,13834,,,43504,573
168013,2026-08-16,7.6,11388,265.0,191.0,43498,628
137877,2026-08-16,6.3,15409,,,43386,479
6324,2026-08-16,6.3,16651,,,43349,455
160,2026-08-16,7.3,9236,,,43319,625
369,2026-08-16,7.0,8247,,,43306,882
178031,2026-08-16,,290,,,43254,359
139825,2026-08-16,6.8,6786,,,43231,712
4107,2026-08-16,7.9,18335,138.0,192.0,43203,594
119941,2026-08-16,7.6,19921,,73.0,43150,367
2164,2026-08-16,7.7,8998,,,43103,836
173172,2026-08-16,8.3,8177,22.0,,42985,1286
6773,2026-08-16,7.2,18448,,,42980,527
14753,2026-08-16,7.3,12796,,74.0,42954,688
146668,2026-08-16,6.1,11495,,,42915,596
4896,2026-08-16,6.3,13876,,,42904,524
134,2026-08-16,7.4,12767,,,42879,1853
21190,2026-08-16,6.9,15409,,,42850,422
99483,2026-08-16,7.1,14717,,,42776,573
21483,2026-08-16,7.3,13425,,,42726,599
6007,2026-08-16,7.6,19410,77.0,75.0,42712,414
1118,2026-08-16,6.8,22666,,193.0,42645,323
5277,2026-08-16,6.8,18772,,,42592,418
68,2026-08-16,7.1,15634,,,42573,1858
6166,2026-08-16,6.1,14542,,,42545,425
100245,2026-08-16,5.7,12036,,,42536,452
111324,2026-08-16,6.5,10614,,,42512,483
2581,2026-08-16,7.8,17151,491.0,,42466,1296
4981,2026-08-16,7.4,10101,,,42465,1134
3731,2026-08-16,6.9,16532,,,42374,712
144176,2026-08-16,6.1,10452,,,42366,516
183385,2026-08-16,7.4,9981,,,42365,1173
105893,2026-08-16,7.1,15687,,76.0,42354,467
21103,2026-08-16,6.9,19796,,77.0,42333,417
167141,2026-08-16,7.1,10025,,,42247,526
152765,2026-08-16,6.8,14716,,,42227,717
905,2026-08-16,7.4,22596,,194.0,42169,707
13331,2026-08-16,7.7,18580,,,42140,720
152682,2026-08-16,6.7,12363,,,42098,654
1565,2026-08-16,7.1,20843,,,42098,603
2129,2026-08-16,6.8,14655,,,42028,314
146646,2026-08-16,7.9,15633,,,41975,901
2889,2026-08-16,7.0,19822,,195.0,41968,386
21356,2026-08-16,7.7,21948,,,41881,1275
172439,2026-08-16,7.2,10877,,,41833,820
15059,2026-08-16,7.9,17797,376.0,,41833,832
177687,2026-08-16,8.3,16853,43.0,196.0,41719,1699
2026,2026-08-16,7.2,13750,,,41709,498
173533,2026-08-16,8.6,13901,3.0,,41693,1192
136880,2026-08-16,7.8,11409,,,41653,587
162144,2026-08-16,7.1,14443,,,41614,826
141212,2026-08-16,7.7,15796,,,41602,639
6747,2026-08-16,6.5,14738,,,41587,395
180929,2026-08-16,7.9,10360,414.0,,41586,983
73,2026-08-16,7.7,18281,,,41579,572
181244,2026-08-16,8.0,10825,22.0,78.0,41548,622
13599,2026-08-16,7.0,14713,,,41547,328
20728,2026-08-16,7.1,19551,,79.0,41521,268
5909,2026-08-16,7.0,14212,,,41490,396
267,2026-08-16,7.9,11193,403.0,,41482,2950
2144,2026-08-16,6.6,19853,,197.0,41457,314
240,2026-08-16,7.4,11735,,,41396,643
901,2026-08-16,7.0,22459,,198.0,41383,548
4835,2026-08-16,7.1,19742,,199.0,41308,394
97643,2026-08-16,6.0,17816,,,41259,512
107672,2026-08-16,6.1,12669,,,41207,441
172453,2026-08-16,7.3,12663,,,41176,821
14811,2026-08-16,7.0,16159,,,41176,458
15699,2026-08-16,7.0,18243,,,41174,333
97857,2026-08-16,5.2,14714,,27.0,41131,286
21261,2026-08-16,7.5,13301,,,41128,1205
1829,2026-08-16,6.4,18959,,200.0,41082,513
125839,2026-08-16,7.4,12395,,,41041,763
183274,2026-08-16,6.8,10553,,,41021,854
160090,2026-08-16,6.6,9201,,,41002,686
138060,2026-08-16,7.0,17283,,,40986,508
162002,2026-08-16,7.1,8952,,,40978,770
170938,2026-08-16,7.4,11351,16.0,28.0,40958,1122
20638,2026-08-16,6.8,15715,,,40954,388
5667,2026-08-16,6.8,19814,,80.0,40935,400
197754,2026-08-16,6.1,3256,,,40901,469
20565,2026-08-16,6.1,15148,,,40898,419
101249,2026-08-16,7.4,12493,,201.0,40886,609
20768,2026-08-16,7.5,15531,,202.0,40877,498
468,2026-08-16,7.5,17753,,203.0,40867,1051
20475,2026-08-16,7.1,13084,,,40860,449
185993,2026-08-16,6.6,10144,,,40838,703
13333,2026-08-16,7.4,13975,,,40833,1225
11179,2026-08-16,6.9,17271,,,40783,377
153,2026-08-16,7.7,7337,,,40739,961
176642,2026-08-16,6.9,9600,,,40704,548
109403,2026-08-16,8.3,13720,157.0,,40660,948
20839,2026-08-16,5.8,12462,,,40647,515
6954,2026-08-16,7.1,19110,,81.0,40633,675
21563,2026-08-16,5.9,14424,,,40632,455
21138,2026-08-16,8.0,16693,23.0,82.0,40568,750
165356,2026-08-16,7.6,15125,,,40563,707
146233,2026-08-16,6.3,10819,,,40502,788
149883,2026-08-16,7.5,11892,,,40484,1008
165171,2026-08-16,8.3,12513,145.0,,40479,1588
182,2026-08-16,7.3,9620,,,40447,902
209939,2026-08-16,,276,,,40406,429
5781,2026-08-16,7.3,12133,,83.0,40381,724
97669,2026-08-16,7.3,13764,,204.0,40374,394
20766,2026-08-16,7.7,21451,223.0,205.0,40371,897
21318,2026-08-16,7.3,19562,,,40364,364
9734,2026-08-16,7.8,20878,51.0,84.0,40344,366
111501,2026-08-16,7.3,13611,,,40286,580
101343,2026-08-16,8.1,12743,93.0,206.0,40241,511
5060,2026-08-16,6.5,15847,,,40221,659
99390,2026-08-16,7.3,13275,,,40181,772
17777,2026-08-16,5.7,15270,,,40179,263
3667,2026-08-16,6.6,12596,,,40095,478
177697,2026-08-16,7.9,8671,,,40093,1026
150972,2026-08-16,7.3,10549,,,40078,1011
16035,2026-08-16,6.6,12989,,,40034,521
100085,2026-08-16,5.7,12474,,,39968,408
97983,2026-08-16,8.5,13316,75.0,,39949,826
198946,2026-08-16,7.5,2007,,,39946,539
109946,2026-08-16,7.1,12278,,,39918,599
21710,2026-08-16,8.4,14016,99.0,,39907,849
20656,2026-08-16,7.2,14185,,,39906,601
1571,2026-08-16,7.3,11896,,,39887,770
19613,2026-08-16,8.1,16414,244.0,,39882,966
147885,2026-08-16,7.8,9520,6.0,29.0,39875,1267
87435,2026-08-16,6.8,14060,,,39854,750
155657,2026-08-16,7.2,12027,,,39771,587
179885,2026-08-16,6.1,9488,,,39686,498
176063,2026-08-16,6.0,10756,,,39673,587
101102,2026-08-16,7.2,14418,,207.0,39635,418
170892,2026-08-16,7.9,9540,370.0,,39594,892
21116,2026-08-16,5.5,12305,,,39591,447
184492,2026-08-16,8.0,2621,310.0,,39552,859
21360,2026-08-16,6.1,14778,,,39486,455
2402,2026-08-16,8.1,8158,242.0,,39431,1378
4548,2026-08-16,6.5,6335,,,39418,237
2923,2026-08-16,7.1,13201,,,39411,1077
21322,2026-08-16,6.6,9692,,30.0,39410,575
101773,2026-08-16,6.3,15570,,31.0,39405,400
3167,2026-08-16,7.7,13834,,,39396,469
120220,2026-08-16,7.3,6093,,,39391,754
194829,2026-08-16,7.1,1607,,,39356,494
64,2026-08-16,7.0,13165,,,39355,706
3702,2026-08-16,7.6,16092,90.0,85.0,39350,802
7472,2026-08-16,8.3,20349,38.0,208.0,39340,585
21712,2026-08-16,5.8,14139,,,39280,420
9135,2026-08-16,6.9,16635,,209.0,39238,263
99200,2026-08-16,6.8,12464,,,39217,674
10456,2026-08-16,6.6,11272,,,39206,394
5030,2026-08-16,6.7,12847,,,39185,279
104460,2026-08-16,8.3,11837,45.0,210.0,39140,847
21703,2026-08-16,7.4,10758,,,39112,527
1119,2026-08-16,6.7,20302,,211.0,39072,239
1313,2026-08-16,6.9,21131,,,39056,645
100382,2026-08-16,4.4,13752,,,39014,333
153339,2026-08-16,6.6,11686,,,39003,633
195322,2026-08-16,7.4,10652,,,38935,490
202102,2026-08-16,6.8,6142,,,38897,990
186712,2026-08-16,,319,,,38884,464
20884,2026-08-16,7.6,18998,,86.0,38871,381
179694,2026-08-16,7.7,10438,,,38859,1127
20845,2026-08-16,6.9,18523,,,38840,358
287,2026-08-16,7.2,15064,,,38837,732
10460,2026-08-16,7.3,9783,,,38833,521
21610,2026-08-16,6.2,19014,,32.0,38803,264
192507,2026-08-16,7.4,8991,,,38787,920
171031,2026-08-16,6.6,10884,,,38719,733
18857,2026-08-16,5.9,21858,,,38661,226
196935,2026-08-16,7.9,8498,411.0,,38640,783
12883,2026-08-16,7.3,11582,,,38636,850
874,2026-08-16,7.5,19430,,,38635,1511
106893,2026-08-16,6.4,14192,,,38624,421
21586,2026-08-16,7.1,12369,,87.0,38622,438
21749,2026-08-16,8.0,17513,339.0,,38608,1310
20488,2026-08-16,7.0,12422,,,38559,351
128740,2026-08-16,7.0,12301,,212.0,38533,463
97660,2026-08-16,6.8,10173,,,38530,424
195153,2026-08-16,6.4,7161,,,38501,578
130183,2026-08-16,6.9,16461,,88.0,38496,315
21577,2026-08-16,7.4,16110,15.0,33.0,38480,574
3092,2026-08-16,6.6,16615,,,38466,849
1254,2026-08-16,7.3,14833,,,38464,1490
21330,2026-08-16,6.5,14558,,,38460,450
99586,2026-08-16,6.4,12570,,,38447,342
174653,2026-08-16,7.1,11552,,,38387,730
131149,2026-08-16,6.4,14417,,,38381,685
154982,2026-08-16,7.5,14416,,,38333,432
16157,2026-08-16,6.5,13681,,,38315,508
112125,2026-08-16,6.3,15509,,89.0,38308,385
3901,2026-08-16,7.8,22193,,,38305,203
97634,2026-08-16,6.9,16719,,,38287,947
151799,2026-08-16,7.8,8081,433.0,,38278,944
98349,2026-08-16,7.5,18165,,,38235,938
16668,2026-08-16,6.7,14314,,,38231,383
104174,2026-08-16,7.2,17473,,90.0,38146,315
898,2026-08-16,6.8,19871,,213.0,38137,384
166910,2026-08-16,7.8,9023,,,38124,1218
21696,2026-08-16,6.8,11606,,,38112,377
164299,2026-08-16,6.8,10273,,,38085,691
166372,2026-08-16,4.9,8962,,,38010,514
14669,2026-08-16,7.0,10913,,214.0,37988,515
11235,2026-08-16,7.1,16696,,,37981,378
20779,2026-08-16,7.4,15738,,91.0,37927,294
108581,2026-08-16,7.8,18315,475.0,,37892,987
180675,2026-08-16,8.0,8067,335.0,,37890,1185
6682,2026-08-16,5.4,17010,,,37887,215
15687,2026-08-16,7.0,17947,,,37875,225
190569,2026-08-16,8.2,2800,188.0,,37832,628
179297,2026-08-16,6.6,10536,,,37809,646
143064,2026-08-16,7.0,11485,,,37793,718
120150,2026-08-16,8.0,14572,3.0,34.0,37740,1240
99366,2026-08-16,7.1,13875,,,37732,524
176053,2026-08-16,6.2,9426,,,37725,551
21186,2026-08-16,8.3,15318,4.0,92.0,37677,982
21034,2026-08-16,7.6,15671,,,37624,610
177,2026-08-16,7.1,10475,,,37603,537
103631,2026-08-16,7.1,14100,,215.0,37595,533
1222,2026-08-16,6.8,10429,,,37547,416
191205,2026-08-16,6.8,9265,,,37544,716
101336,2026-08-16,6.7,8308,,,37535,579
10155,2026-08-16,6.4,14278,,,37516,337
188487,2026-08-16,6.3,9174,,,37515,451
204356,2026-08-16,8.2,11427,,,37502,778
20615,2026-08-16,6.9,14367,,,37502,353
100093,2026-08-16,7.1,13854,43.0,35.0,37453,504
3342,2026-08-16,6.7,10936,,,37429,440
104243,2026-08-16,7.1,16695,,,37394,672
199111,2026-08-16,8.1,2176,241.0,,37320,592
97645,2026-08-16,7.0,15312,,,37289,331
21247,2026-08-16,6.5,15891,,93.0,37282,365
101213,2026-08-16,6.4,16105,,94.0,37278,321
3958,2026-08-16,7.0,11307,,,37256,283
171110,2026-08-16,7.6,2557,,,37240,636
127688,2026-08-16,6.5,10073,,,37227,408
201514,2026-08-16,7.0,2451,,,37182,547
108092,2026-08-16,6.7,11690,,,37171,440
179344,2026-08-16,6.0,10564,,,37128,501
176311,2026-08-16,7.4,8783,,,37111,493
21558,2026-08-16,7.4,12740,,,37106,688
97636,2026-08-16,6.1,13948,,,37087,307
21379,2026-08-16,7.3,17046,,,37077,503
100353,2026-08-16,7.3,14436,,95.0,37032,353
114,2026-08-16,7.5,10954,13.0,36.0,37027,795
100523,2026-08-16,6.6,16541,,96.0,36956,340
100684,2026-08-16,7.2,19506,,97.0,36930,260
202269,2026-08-16,7.9,2484,382.0,,36915,655
155908,2026-08-16,8.0,11125,352.0,,36903,680
101506,2026-08-16,6.5,13212,,,36887,355
103276,2026-08-16,6.8,13776,,216.0,36877,412
5177,2026-08-16,7.0,14232,,98.0,36838,346
5940,2026-08-16,6.3,12425,,,36833,230
161364,2026-08-16,6.2,10353,,,36793,634
8426,2026-08-16,7.4,9706,,,36768,574
113417,2026-08-16,6.8,16198,,,36761,1076
488,2026-08-16,7.4,8885,,,36741,693
617,2026-08-16,7.3,12716,,217.0,36727,774
8888,2026-08-16,6.9,16865,,218.0,36726,188
155838,2026-08-16,6.5,8698,,,36699,474
100401,2026-08-16,7.1,13012,,,36697,562
189987,2026-08-16,7.7,8384,,,36686,811
20881,2026-08-16,6.8,11820,,,36677,423
143200,2026-08-16,7.1,6531,,,36671,694
170206,2026-08-16,8.0,17755,,,36594,1830
167420,2026-08-16,8.0,10424,307.0,,36547,940
3297,2026-08-16,8.6,8416,56.0,,36536,2137
120859,2026-08-16,6.7,11712,,,36491,463
105200,2026-08-16,7.6,20726,,,36474,466
127400,2026-08-16,8.2,11248,187.0,,36473,969
163133,2026-08-16,7.2,9056,,,36434,729
169935,2026-08-16,5.9,10063,,,36427,466
134131,2026-08-16,6.0,8780,,,36411,401
21764,2026-08-16,7.2,15472,,,36368,314
20711,2026-08-16,7.0,14564,,,36359,398
2963,2026-08-16,7.3,11211,,,36331,352
112153,2026-08-16,7.3,11904,,,36325,995
166452,2026-08-16,7.9,11133,389.0,,36303,729
174188,2026-08-16,6.8,7146,,,36275,676
20496,2026-08-16,6.8,12229,,,36270,292
21380,2026-08-16,5.0,13394,,,36240,219
142343,2026-08-16,8.1,11312,268.0,,36233,635
906,2026-08-16,7.1,18454,,219.0,36215,469
4186,2026-08-16,6.8,12375,,,36212,406
138714,2026-08-16,7.7,10199,,,36159,937
146206,2026-08-16,7.4,10799,,,36126,652
400,2026-08-16,7.5,8862,,,36084,747
14407,2026-08-16,7.3,16727,,220.0,36075,579
21757,2026-08-16,6.8,12409,,221.0,36042,344
101371,2026-08-16,6.9,12999,,,36040,493
22,2026-08-16,7.5,10349,,,36003,787
16528,2026-08-16,7.0,13923,,222.0,36001,374
167087,2026-08-16,7.6,13316,,,35984,1201
200637,2026-08-16,7.9,2701,374.0,,35963,719
256,2026-08-16,6.4,15910,,99.0,35953,251
109731,2026-08-16,8.7,12437,27.0,,35946,2348
376,2026-08-16,6.5,17804,,100.0,35931,235
156184,2026-08-16,6.6,10081,,,35919,493
186333,2026-08-16,6.5,9150,,,35898,489
118399,2026-08-16,6.5,8144,,,35891,572
97932,2026-08-16,7.2,13437,,,35856,675
856,2026-08-16,7.3,9651,,,35825,421
102436,2026-08-16,6.7,10837,,,35814,407
202955,2026-08-16,8.4,8510,15.0,,35784,1887
166522,2026-08-16,7.1,9480,,,35772,607
903,2026-08-16,6.4,18723,,223.0,35721,307
20566,2026-08-16,6.4,12215,,,35691,320
139643,2026-08-16,7.3,13215,,,35675,599
131150,2026-08-16,5.3,6986,,,35649,553
11743,2026-08-16,7.2,16200,,224.0,35630,312
18195,2026-08-16,8.0,14997,321.0,,35584,946
21555,2026-08-16,4.8,9180,,,35579,305
20840,2026-08-16,6.8,12849,,,35573,265
19365,2026-08-16,6.7,10265,,,35568,606
160275,2026-08-16,,438,,225.0,35559,398
8277,2026-08-16,6.3,11358,,,35530,310
48,2026-08-16,6.6,11495,,,35527,676
97,2026-08-16,7.4,8873,,,35485,555
20758,2026-08-16,5.7,13635,,,35478,330
98439,2026-08-16,7.2,11395,,,35440,436
102649,2026-08-16,7.0,12975,,226.0,35437,273
155389,2026-08-16,6.6,9615,,,35385,442
154384,2026-08-16,7.1,12539,,,35369,684
101992,2026-08-16,7.7,16754,221.0,227.0,35361,460
112479,2026-08-16,6.2,10803,,,35347,488
14807,2026-08-16,7.8,15125,192.0,228.0,35313,371
21748,2026-08-16,6.3,9424,,,35273,291
740,2026-08-16,7.6,14793,,,35242,744
199748,2026-08-16,6.4,1827,,,35236,451
125446,2026-08-16,7.6,9387,,,35225,699
169,2026-08-16,6.0,11516,,,35225,315
183275,2026-08-16,7.2,11172,,,35210,771
21573,2026-08-16,7.0,16068,,,35195,378
97981,2026-08-16,7.1,15183,,229.0,35179,409
21319,2026-08-16,6.3,13750,,,35128,394
169927,2026-08-16,6.9,10165,,,35088,652
459,2026-08-16,6.8,16887,,230.0,35086,284
9982,2026-08-16,7.0,16206,,,35053,350
187869,2026-08-16,8.2,6704,206.0,,34940,1631
169420,2026-08-16,6.5,6848,,,34921,590
20526,2026-08-16,8.3,14852,,,34890,320
10079,2026-08-16,6.2,14395,,,34843,296
187663,2026-08-16,6.0,8610,,,34840,460
5678,2026-08-16,7.6,9030,,,34804,669
20645,2026-08-16,4.9,15004,,,34793,185
18497,2026-08-16,7.3,9111,,,34790,369
21691,2026-08-16,7.1,14302,,,34779,203
159042,2026-08-16,,287,,,34740,541
330,2026-08-16,6.9,12833,,,34709,426
97875,2026-08-16,7.3,14660,,,34633,500
21018,2026-08-16,6.3,12962,,,34632,329
108987,2026-08-16,6.3,9288,,,34591,362
142666,2026-08-16,7.5,9873,,,34572,974
732,2026-08-16,6.5,10415,,231.0,34550,571
2154,2026-08-16,7.7,9947,249.0,232.0,34526,992
2596,2026-08-16,7.0,7339,,,34524,391
204466,2026-08-16,7.5,2476,,,34520,567
10578,2026-08-16,6.1,13780,,,34510,207
119113,2026-08-16,7.7,9985,222.0,233.0,34495,476
130389,2026-08-16,7.5,9042,,,34474,500
21064,2026-08-16,7.0,15290,,,34473,315
21516,2026-08-16,6.8,11593,,,34463,344
126830,2026-08-16,6.4,6047,,,34457,376
169583,2026-08-16,7.0,1955,,,34442,417
6372,2026-08-16,7.2,17312,,234.0,34405,158
15911,2026-08-16,7.2,11364,,,34402,495
21773,2026-08-16,6.5,10859,,,34346,575
20634,2026-08-16,5.5,14816,,37.0,34340,288
155202,2026-08-16,6.5,8448,,,34336,395
522,2026-08-16,7.4,10395,,235.0,34306,812
143327,2026-08-16,7.4,10615,,,34274,860
21088,2026-08-16,7.8,17130,488.0,,34194,548
14751,2026-08-16,6.8,12607,,,34182,723
21631,2026-08-16,7.5,11144,,,34162,575
338,2026-08-16,8.1,7782,219.0,,34154,1903
17831,2026-08-16,6.1,13464,,,34131,287
117757,2026-08-16,6.2,10873,,,34130,317
98153,2026-08-16,6.9,15688,,,34122,406
15565,2026-08-16,5.8,12715,,,34089,347
19199,2026-08-16,6.1,12973,,,34087,165
9926,2026-08-16,7.0,13941,,,34073,791
16774,2026-08-16,6.9,18584,,,34041,628
209983,2026-08-16,7.2,1454,,,34033,522
21348,2026-08-16,7.7,14593,,,33967,373
8408,2026-08-16,7.5,17186,,,33967,128
15119,2026-08-16,5.8,8699,,,33955,287
132806,2026-08-16,7.6,11539,,,33952,575
200769,2026-08-16,5.7,5225,,,33903,479
15,2026-08-16,7.6,11351,,,33874,835
197715,2026-08-16,6.1,1919,,,33847,442
176158,2026-08-16,5.6,7493,,,33843,544
60,2026-08-16,7.1,10359,,,33816,457
14355,2026-08-16,6.7,11553,,38.0,33814,302
185213,2026-08-16,6.8,10056,,,33808,694
128715,2026-08-16,7.7,7228,,,33808,935
264,2026-08-16,8.0,16272,,,33796,407
99725,2026-08-16,6.3,13624,,,33781,311
138,2026-08-16,7.9,13806,28.0,,33740,397
179979,2026-08-16,7.4,8768,,,33730,554
130713,2026-08-16,7.5,8356,,,33729,398
899,2026-08-16,6.4,17660,,236.0,33687,272
101609,2026-08-16,3.9,11105,,,33672,278
67,2026-08-16,7.1,8815,,,33671,497
146922,2026-08-16,7.8,16011,,,33651,418
20827,2026-08-16,6.8,10038,,,33615,546
104461,2026-08-16,7.2,14919,26.0,39.0,33603,243
132532,2026-08-16,7.4,12363,,,33589,538
19021,2026-08-16,7.2,13682,,237.0,33559,344
12565,2026-08-16,6.3,14787,,,33521,186
12967,2026-08-16,5.7,12951,,,33515,252
20869,2026-08-16,7.5,15047,,,33497,254
464,2026-08-16,7.8,16582,193.0,238.0,33473,927
166442,2026-08-16,7.0,5535,,,33422,623
111852,2026-08-16,7.3,12643,,239.0,33410,614
902,2026-08-16,6.8,17212,,240.0,33381,324
9074,2026-08-16,7.5,13697,,,33374,368
101970,2026-08-16,5.3,11118,,,33364,425
118103,2026-08-16,7.0,9738,,,33321,657
87517,2026-08-16,6.5,9653,,,33316,275
18893,2026-08-16,7.0,12702,,,33283,398
185801,2026-08-16,7.4,9228,,,33151,610
15117,2026-08-16,7.4,17240,,,33090,224
904,2026-08-16,5.2,17082,,241.0,33083,204
12893,2026-08-16,7.6,15749,,,33066,256
1120,2026-08-16,7.0,17275,,242.0,33052,358
10798,2026-08-16,7.0,10036,,,33045,281
19363,2026-08-16,8.1,17244,254.0,,33020,555
97881,2026-08-16,7.5,11120,,,32957,797
17827,2026-08-16,6.5,11507,,,32904,302
174,2026-08-16,6.4,10164,,,32872,327
142849,2026-08-16,6.1,6351,,,32862,444
148862,2026-08-16,7.2,7709,,,32837,589
101811,2026-08-16,7.6,10840,255.0,243.0,32816,335
9107,2026-08-16,6.3,15948,,,32806,314
687,2026-08-16,7.0,10783,,,32782,1004
178781,2026-08-16,6.9,8289,,,32750,437
967,2026-08-16,7.6,7547,,,32748,903
20677,2026-08-16,5.5,11665,,,32747,383
179950,2026-08-16,6.0,3489,,,32726,339
896,2026-08-16,6.3,17239,,244.0,32722,242
108357,2026-08-16,7.0,10909,,,32711,664
21578,2026-08-16,6.7,12467,,,32675,444
113970,2026-08-16,7.3,12674,,,32665,974
185575,2026-08-16,6.9,7704,,,32647,470
136436,2026-08-16,7.7,11247,64.0,,32622,341
21126,2026-08-16,5.9,9873,,,32607,222
21742,2026-08-16,6.3,7454,,,32605,321
4999,2026-08-16,6.2,13547,,,32596,247
160488,2026-08-16,6.8,9422,,,32591,509
113917,2026-08-16,7.7,10876,,,32559,389
104382,2026-08-16,7.3,11540,,245.0,32549,276
111048,2026-08-16,7.6,14603,,,32542,641
16005,2026-08-16,7.2,10028,,,32528,298
134710,2026-08-16,8.1,12407,15.0,,32523,668
154963,2026-08-16,7.0,7446,,,32504,574
21085,2026-08-16,8.2,14817,168.0,,32484,965
1412,2026-08-16,7.4,7324,,,32475,662
163144,2026-08-16,6.7,5480,,,32416,430
98502,2026-08-16,7.0,13657,,,32396,259
146836,2026-08-16,6.9,9097,,,32385,554
20710,2026-08-16,6.9,11593,,,32384,244
20907,2026-08-16,7.2,15332,,,32372,209
21039,2026-08-16,7.5,15250,,,32367,295
188139,2026-08-16,7.6,2265,,,32356,480
532,2026-08-16,7.8,12874,459.0,,32312,1117
172416,2026-08-16,5.6,8763,,,32300,464
166715,2026-08-16,7.8,7716,476.0,,32290,664
257,2026-08-16,5.8,9515,,,32289,291
152072,2026-08-16,6.6,9782,,,32287,661
1030,2026-08-16,7.0,14371,,246.0,32256,467
11079,2026-08-16,6.6,11192,,,32245,413
17741,2026-08-16,6.4,10572,,,32233,317
130550,2026-08-16,7.5,7307,,,32181,659
1430,2026-08-16,8.0,16463,114.0,247.0,32129,1310
855,2026-08-16,6.8,8407,,,32122,531
143103,2026-08-16,,190,,248.0,32105,364
144677,2026-08-16,6.3,8510,,,32094,522
101350,2026-08-16,6.0,8338,,,32079,288
139435,2026-08-16,7.6,9447,,,32069,590
97821,2026-08-16,6.8,12179,,,32050,279
15605,2026-08-16,5.2,14303,,,32049,321
12231,2026-08-16,6.8,16756,,,32009,375
1526,2026-08-16,7.1,16373,,249.0,32004,326
20510,2026-08-16,7.5,12649,,,31983,481
18617,2026-08-16,8.1,15636,78.0,250.0,31982,1084
21008,2026-08-16,8.4,10649,27.0,251.0,31977,313
4720,2026-08-16,6.1,6965,,,31963,218
100990,2026-08-16,7.2,11259,,,31942,426
128207,2026-08-16,8.7,10220,8.0,252.0,31933,1683
20575,2026-08-16,7.1,10389,,,31887,346
20837,2026-08-16,7.2,14322,,,31841,224
1723,2026-08-16,6.7,13967,,253.0,31820,263
20746,2026-08-16,5.4,12067,,,31809,256
180228,2026-08-16,8.1,7755,43.0,,31753,1540
9736,2026-08-16,6.0,12148,,,31725,251
3972,2026-08-16,7.3,14837,,,31722,1035
21316,2026-08-16,7.0,11825,,,31704,550
172420,2026-08-16,8.7,14499,9.0,254.0,31699,2615
102997,2026-08-16,7.7,9513,,,31686,629
1088,2026-08-16,7.5,8067,,,31684,779
213702,2026-08-16,,165,,,31681,278
90,2026-08-16,7.1,11916,,,31676,796
170166,2026-08-16,8.3,10568,24.0,,31656,1110
162893,2026-08-16,6.8,9518,,,31647,1671
93,2026-08-16,7.2,12472,,,31647,813
175198,2026-08-16,6.0,6259,,,31613,454
4177,2026-08-16,7.3,8489,,,31587,425
126819,2026-08-16,8.3,12191,,,31540,558
195,2026-08-16,6.6,11791,,,31538,393
104990,2026-08-16,7.6,11228,283.0,255.0,31515,296
534,2026-08-16,7.4,8688,,,31496,768
185731,2026-08-16,7.7,9891,,,31474,561
108040,2026-08-16,7.4,9849,,,31452,588
104458,2026-08-16,8.4,12312,18.0,,31447,1329
20692,2026-08-16,7.7,10167,236.0,256.0,31413,449
103277,2026-08-16,7.6,11460,,257.0,31375,502
179828,2026-08-16,6.7,7585,,,31374,482
2847,2026-08-16,7.1,16394,,258.0,31364,342
3228,2026-08-16,7.7,12154,,,31348,479
97757,2026-08-16,7.8,13671,200.0,259.0,31292,563
14527,2026-08-16,7.1,13088,,,31265,304
101505,2026-08-16,6.9,9814,,,31245,517
21046,2026-08-16,5.1,14469,,40.0,31224,408
99900,2026-08-16,8.1,9389,94.0,260.0,31211,941
21077,2026-08-16,7.0,14520,,,31197,185
113290,2026-08-16,8.1,14550,40.0,,31191,892
900,2026-08-16,6.4,15825,,261.0,31170,232
21862,2026-08-16,6.7,13660,,,31125,207
21627,2026-08-16,6.7,11149,,,31111,166
168623,2026-08-16,6.7,8670,,,31081,392
20431,2026-08-16,7.4,8510,,,31073,678
101317,2026-08-16,6.4,11463,,262.0,31060,316
21303,2026-08-16,7.1,12605,,,31059,159
9330,2026-08-16,6.1,12761,,,31015,158
1122,2026-08-16,6.7,15538,,263.0,30980,212
12029,2026-08-16,8.0,8318,20.0,,30959,830
10119,2026-08-16,7.5,14314,,,30911,222
1699,2026-08-16,7.2,8816,,,30906,403
18001,2026-08-16,6.3,13021,,,30900,255
3087,2026-08-16,6.8,10765,,264.0,30891,230
20672,2026-08-16,6.4,9025,,,30881,288
20790,2026-08-16,7.6,11223,,,30825,851
168194,2026-08-16,6.9,6252,,,30814,539
116756,2026-08-16,7.6,9794,282.0,265.0,30808,559
131930,2026-08-16,5.6,12950,,,30783,247
658,2026-08-16,7.7,10460,,,30740,797
110458,2026-08-16,5.2,9900,,,30730,419
10397,2026-08-16,6.6,12423,,,30715,277
127550,2026-08-16,7.2,9489,,,30701,555
16397,2026-08-16,5.7,9358,,,30684,219
98656,2026-08-16,7.9,608,143.0,266.0,30680,346
4472,2026-08-16,7.6,15456,,,30675,262
132171,2026-08-16,7.6,10782,,,30638,619
189323,2026-08-16,,294,,,30635,473
109125,2026-08-16,7.1,7070,,267.0,30628,406
180052,2026-08-16,6.6,7125,,,30610,486
1293,2026-08-16,7.4,4645,,,30608,870
166699,2026-08-16,6.9,7323,,,30603,513
21643,2026-08-16,7.2,9969,,,30603,557
166104,2026-08-16,7.8,11186,,,30579,619
21579,2026-08-16,7.0,14037,,,30539,310
2926,2026-08-16,6.6,12462,,,30537,205
138425,2026-08-16,8.3,10650,40.0,268.0,30517,874
195200,2026-08-16,,373,,269.0,30499,335
192808,2026-08-16,7.7,7719,,,30499,820
21050,2026-08-16,6.8,9692,,,30466,340
8915,2026-08-16,6.9,9600,,,30452,305
109321,2026-08-16,5.4,8787,,,30439,410
21629,2026-08-16,7.0,14029,,,30439,277
4106,2026-08-16,7.6,13379,254.0,270.0,30433,412
129664,2026-08-16,5.7,8453,,,30363,181
894,2026-08-16,6.2,15971,,271.0,30347,202
897,2026-08-16,6.1,15656,,272.0,30333,212
160589,2026-08-16,6.6,7730,,,30327,689
21732,2026-08-16,7.3,11261,,,30326,394
4182,2026-08-16,7.2,13474,,,30326,226
4789,2026-08-16,7.7,10526,,,30311,483
19151,2026-08-16,5.8,9516,,,30301,243
137,2026-08-16,8.2,12284,7.0,,30282,568
112353,2026-08-16,7.0,9401,,,30280,286
9366,2026-08-16,7.3,13048,,,30217,271
117074,2026-08-16,7.3,7670,,273.0,30209,292
13807,2026-08-16,5.4,14466,,,30193,162
10321,2026-08-16,6.5,11642,,,30189,410
189123,2026-08-16,,295,,,30180,427
21498,2026-08-16,6.8,13493,,274.0,30166,410
16512,2026-08-16,6.3,12573,,,30164,220
875,2026-08-16,7.6,10096,275.0,275.0,30154,1029
98885,2026-08-16,8.1,9128,82.0,276.0,30149,366
20753,2026-08-16,7.0,8594,,,30094,338
179919,2026-08-16,7.3,8359,,,30090,493
98425,2026-08-16,7.2,11263,,,30065,444
20691,2026-08-16,7.6,10391,297.0,277.0,30059,377
5525,2026-08-16,6.6,11054,,,30040,465
7059,2026-08-16,6.6,16538,,,30016,284
10897,2026-08-16,6.3,13854,,,29906,147
183965,2026-08-16,7.2,7131,,,29881,578
27,2026-08-16,6.8,7621,,,29857,1623
13851,2026-08-16,7.2,13907,,,29855,292
21650,2026-08-16,6.8,12702,,,29854,313
108266,2026-08-16,7.2,9088,,,29841,442
114979,2026-08-16,7.8,11142,,,29831,978
156632,2026-08-16,7.8,12790,482.0,,29813,806
272,2026-08-16,7.5,8324,,,29796,2236
10794,2026-08-16,6.4,13857,,,29745,209
21444,2026-08-16,5.9,9616,,,29743,197
25,2026-08-16,6.9,6959,,,29741,419
20473,2026-08-16,6.0,13443,,41.0,29710,195
21177,2026-08-16,6.1,12986,,,29671,609
3572,2026-08-16,7.6,9954,,,29638,644
207,2026-08-16,7.0,6221,,,29617,555
177704,2026-08-16,,257,,,29598,303
108354,2026-08-16,7.4,9043,,,29597,469
144533,2026-08-16,6.7,8827,,,29592,538
155527,2026-08-16,5.3,8124,,,29538,487
144932,2026-08-16,7.3,6092,,,29509,518
177120,2026-08-16,7.5,8611,,,29436,662
265,2026-08-16,8.1,14718,9.0,,29406,395
101813,2026-08-16,7.8,9532,191.0,278.0,29396,296
20817,2026-08-16,7.0,8028,,,29391,429
184356,2026-08-16,6.6,1544,,,29387,392
15197,2026-08-16,7.1,14219,,279.0,29380,152
127368,2026-08-16,6.7,10002,,,29359,330
100451,2026-08-16,6.6,10717,,,29334,382
165,2026-08-16,7.1,6801,,,29324,453
6421,2026-08-16,7.7,12462,67.0,,29308,170
21112,2026-08-16,6.5,10654,,,29249,219
166477,2026-08-16,7.3,9235,,,29248,607
5962,2026-08-16,6.8,15588,,,29178,548
103301,2026-08-16,6.7,9019,,,29095,321
5941,2026-08-16,8.1,8505,221.0,,29037,981
7465,2026-08-16,7.7,11350,215.0,280.0,29008,275
15771,2026-08-16,7.5,10839,,281.0,29005,496
985,2026-08-16,7.6,15412,,,28994,582
182317,2026-08-16,7.9,1705,136.0,282.0,28987,495
1852,2026-08-16,7.4,8445,,,28971,803
21424,2026-08-16,7.2,12852,,,28949,259
1132,2026-08-16,6.9,14495,,,28948,577
100673,2026-08-16,7.1,11288,,,28946,430
76,2026-08-16,7.1,9408,,,28937,487
986,2026-08-16,7.3,15202,,,28930,426
650,2026-08-16,7.4,9616,,,28910,770
167144,2026-08-16,6.1,7340,,,28873,384
167486,2026-08-16,7.6,9392,,,28872,378
126287,2026-08-16,7.5,11364,,,28853,715
317,2026-08-16,7.2,15840,,283.0,28853,412
185544,2026-08-16,6.9,7727,,,28763,458
174044,2026-08-16,7.2,7804,,,28741,674
21189,2026-08-16,6.1,10388,,,28721,236
127549,2026-08-16,7.1,8568,,,28702,484
157295,2026-08-16,7.3,9524,,,28697,756
8857,2026-08-16,7.3,13349,,,28695,169
170110,2026-08-16,6.8,4047,,,28694,491
6637,2026-08-16,7.2,14754,,284.0,28693,142
195240,2026-08-16,8.6,11615,51.0,,28692,1298
14027,2026-08-16,6.7,14178,,,28617,138
184694,2026-08-16,8.0,5945,117.0,285.0,28588,754
157371,2026-08-16,5.9,5986,,,28563,281
101924,2026-08-16,7.2,10044,,,28561,219
2216,2026-08-16,6.9,6113,,,28552,373
102498,2026-08-16,6.1,8539,,,28546,188
110857,2026-08-16,7.7,15117,,,28539,456
17389,2026-08-16,8.0,10561,309.0,,28525,477
180829,2026-08-16,5.3,5110,,42.0,28521,468
122511,2026-08-16,7.3,6018,,,28502,671
179706,2026-08-16,7.7,9229,,,28486,469
123779,2026-08-16,6.9,8336,,,28455,551
11266,2026-08-16,6.9,12489,,,28451,192
173692,2026-08-16,6.6,7211,,,28409,395
601,2026-08-16,7.1,10921,,,28394,1066
123330,2026-08-16,7.8,9173,470.0,,28390,631
140502,2026-08-16,7.2,9067,,,28357,395
101426,2026-08-16,7.3,13583,,,28355,300
250,2026-08-16,7.3,9813,,,28345,734
567,2026-08-16,7.4,7218,,,28343,761
112296,2026-08-16,6.7,6413,,,28306,373
127595,2026-08-16,8.3,12106,23.0,,28304,943
20609,2026-08-16,7.6,10157,,,28299,255
20752,2026-08-16,8.2,11944,,,28290,255
2156,2026-08-16,6.2,14601,,,28223,464
139369,2026-08-16,6.5,9197,,,28203,366
160515,2026-08-16,7.4,8314,,,28184,490
18441,2026-08-16,6.8,12792,,,28174,179
185880,2026-08-16,8.0,7702,354.0,,28163,530
110851,2026-08-16,7.0,13304,,,28136,209
178467,2026-08-16,,255,,,28110,481
21406,2026-08-16,7.1,9452,,,28106,344
20723,2026-08-16,7.8,13550,445.0,,28106,416
98884,2026-08-16,8.0,8607,107.0,286.0,28095,353
139,2026-08-16,7.9,11588,27.0,,28046,301
9471,2026-08-16,7.2,14170,,,28008,172
166828,2026-08-16,7.1,9083,,,28006,443
177637,2026-08-16,7.6,2011,,,28000,402
19383,2026-08-16,6.5,10729,,43.0,27946,259
121034,2026-08-16,7.4,10971,,287.0,27939,587
157,2026-08-16,6.5,8598,,,27912,243
140830,2026-08-16,7.3,9244,,,27874,482
21059,2026-08-16,6.2,12032,,44.0,27861,169
85,2026-08-16,7.8,12059,468.0,,27846,1882
6774,2026-08-16,7.6,6716,,,27832,715
191718,2026-08-16,6.5,7455,,,27829,345
196218,2026-08-16,6.7,1609,,,27824,354
9479,2026-08-16,6.0,10577,,,27818,204
10209,2026-08-16,7.0,13814,,,27816,151
13055,2026-08-16,6.9,12942,,,27802,155
103222,2026-08-16,5.8,7802,,,27800,249
135,2026-08-16,7.8,8143,444.0,,27787,772
7590,2026-08-16,6.2,9409,,,27784,183
98693,2026-08-16,6.8,9423,,,27768,263
6164,2026-08-16,6.8,7439,,,27745,261
114108,2026-08-16,6.3,4272,,,27713,464
20986,2026-08-16,6.2,7752,,,27713,213
21818,2026-08-16,6.4,6500,,,27674,385
156110,2026-08-16,7.5,6819,,,27660,498
150653,2026-08-16,6.6,9370,,,27637,481
9790,2026-08-16,7.1,12511,,288.0,27636,251
178701,2026-08-16,7.1,6431,,,27616,511
159039,2026-08-16,7.4,9693,,,27601,1571
13391,2026-08-16,7.0,10254,,289.0,27585,245
204429,2026-08-16,,207,,,27581,270
171038,2026-08-16,7.2,7774,,,27546,616
98779,2026-08-16,8.1,11670,77.0,290.0,27509,408
169440,2026-08-16,6.4,6662,,,27507,290
9331,2026-08-16,6.5,10379,,,27477,157
167820,2026-08-16,6.9,7970,,,27465,377
183291,2026-08-16,7.0,7410,,,27455,507
132096,2026-08-16,7.3,12697,,,27445,306
21158,2026-08-16,7.7,11210,228.0,291.0,27404,484
189565,2026-08-16,6.3,5834,,,27345,364
120376,2026-08-16,5.8,7279,,,27343,313
469,2026-08-16,6.7,10247,,,27319,344
10033,2026-08-16,6.9,7475,,,27316,448
21249,2026-08-16,6.4,6963,,,27240,207
101014,2026-08-16,6.7,8566,,,27217,285
1121,2026-08-16,6.5,13525,,292.0,27210,153
174654,2026-08-16,5.7,4554,,,27199,352
192809,2026-08-16,8.4,7034,28.0,293.0,27179,721
179068,2026-08-16,,380,,,27161,646
20815,2026-08-16,6.4,7566,,,27132,233
4026,2026-08-16,6.7,13143,,294.0,27121,182
187921,2026-08-16,7.7,7771,,,27110,546
209827,2026-08-16,,260,,,27109,328
106862,2026-08-16,7.0,11802,,,27070,132
150957,2026-08-16,7.0,7260,,,27066,476
395,2026-08-16,6.5,13270,,,27042,252
10049,2026-08-16,7.7,11042,,,27023,366
211496,2026-08-16,,229,,,27022,513
101410,2026-08-16,7.9,11353,,,27017,469
288,2026-08-16,6.5,13428,,,26984,457
158166,2026-08-16,7.8,5135,199.0,295.0,26979,477
20720,2026-08-16,6.6,11926,,45.0,26976,380
21045,2026-08-16,5.7,9872,,,26971,352
10805,2026-08-16,7.0,13699,,,26969,157
149028,2026-08-16,6.4,8196,,,26946,367
169931,2026-08-16,7.2,6876,,,26940,632
101965,2026-08-16,7.2,9323,,,26899,460
165530,2026-08-16,7.7,6377,,,26887,763
1594,2026-08-16,7.6,8654,,,26886,315
974,2026-08-16,6.9,10186,,296.0,26868,494
20628,2026-08-16,7.4,9536,,,26862,546
241,2026-08-16,5.8,9241,,,26859,183
10681,2026-08-16,6.9,10382,,297.0,26857,381
98631,2026-08-16,5.8,7656,,,26854,166
176246,2026-08-16,7.6,7830,,,26827,647
6178,2026-08-16,6.8,12976,,298.0,26818,189
117696,2026-08-16,6.9,8993,,,26812,390
109616,2026-08-16,7.0,7256,,,26810,496
7588,2026-08-16,7.5,6018,,,26781,474
102167,2026-08-16,7.9,9610,,,26770,425
895,2026-08-16,6.1,13572,,299.0,26760,170
15751,2026-08-16,6.9,11273,50.0,46.0,26745,254
1536,2026-08-16,6.9,8841,,,26705,302
105749,2026-08-16,8.2,10210,177.0,,26685,987
21731,2026-08-16,4.2,9400,,,26662,155
141785,2026-08-16,6.9,6614,,,26660,426
460,2026-08-16,6.7,12692,,300.0,26641,160
187901,2026-08-16,6.5,4710,,,26634,339
1562,2026-08-16,7.3,8134,,,26634,694
11837,2026-08-16,6.4,9024,,,26631,272
20843,2026-08-16,6.7,7502,,,26610,342
21662,2026-08-16,5.7,8782,,47.0,26603,185
665,2026-08-16,7.0,9055,,,26581,429
1470,2026-08-16,7.6,5092,,,26555,648
113108,2026-08-16,8.6,8453,48.0,,26541,1067
159074,2026-08-16,7.1,7532,37.0,48.0,26514,397
21120,2026-08-16,7.9,8339,157.0,,26486,340
87496,2026-08-16,7.2,9945,,,26461,688
147369,2026-08-16,7.0,5366,,,26458,538
21201,2026-08-16,6.2,8764,,,26440,249
135866,2026-08-16,7.4,9416,,,26416,271
181449,2026-08-16,7.1,2599,,,26334,217
185116,2026-08-16,7.7,6134,,,26332,866
5355,2026-08-16,6.9,7814,,,26329,243
3927,2026-08-16,7.7,13718,,,26302,534
102352,2026-08-16,5.3,8521,,,26295,507
15199,2026-08-16,6.9,11296,,,26282,175
101812,2026-08-16,7.4,8978,,,26279,234
16916,2026-08-16,7.5,12305,,,26274,164
199340,2026-08-16,,329,,,26273,308
159559,2026-08-16,6.8,9336,,,26270,404
20736,2026-08-16,7.4,12859,,,26246,375
21279,2026-08-16,7.0,11254,,,26233,322
17082,2026-08-16,6.5,11343,,49.0,26205,161
138788,2026-08-16,6.6,6481,,,26141,396
109019,2026-08-16,7.2,8561,,,26097,386
21852,2026-08-16,7.2,11198,,,26077,281
20542,2026-08-16,6.5,9255,,,26046,370
3655,2026-08-16,6.8,7317,,,26028,297
163079,2026-08-16,7.6,9499,,,26013,580
187464,2026-08-16,7.5,4996,,,26007,595
111729,2026-08-16,6.5,9739,,,26007,367
97665,2026-08-16,6.8,11052,,,25997,374
122137,2026-08-16,5.2,9377,,50.0,25993,255
113924,2026-08-16,6.6,11326,,,25976,362
181839,2026-08-16,8.2,4744,61.0,,25951,437
1002,2026-08-16,7.4,10831,,,25944,679
4581,2026-08-16,6.7,6479,,,25939,157
98497,2026-08-16,7.6,9064,268.0,,25933,330
1639,2026-08-16,3.4,14883,,,25923,300
182060,2026-08-16,6.5,7624,,,25911,358
1589,2026-08-16,7.0,6038,,,25884,286
3974,2026-08-16,7.3,7685,,,25872,1829
167404,2026-08-16,7.6,12176,,,25869,409
116226,2026-08-16,5.7,4192,,,25853,281
21451,2026-08-16,7.3,8517,,,25847,306
21832,2026-08-16,5.7,7381,,,25829,193
20802,2026-08-16,7.1,12320,,,25826,346
98873,2026-08-16,7.4,7334,,,25820,313
20740,2026-08-16,7.2,10937,,,25818,189
13939,2026-08-16,6.7,12048,,,25818,132
155419,2026-08-16,7.0,6696,,,25811,458
185039,2026-08-16,7.6,5554,,,25809,507
21349,2026-08-16,6.6,9590,,,25805,262
50,2026-08-16,7.0,8809,,,25796,332
198,2026-08-16,6.8,5419,,,25787,260
179998,2026-08-16,7.3,3115,,,25779,296
6377,2026-08-16,7.7,8619,,,25778,239
154673,2026-08-16,6.7,5820,,,25742,343
97637,2026-08-16,7.2,11417,,,25709,139
7627,2026-08-16,7.1,8016,,,25709,298
100465,2026-08-16,7.8,6761,196.0,,25697,318
177679,2026-08-16,6.9,5403,,,25627,373
87495,2026-08-16,7.5,7099,,,25612,978
1453,2026-08-16,7.8,4403,449.0,,25609,1011
8934,2026-08-16,6.9,7492,,,25582,320
165253,2026-08-16,8.3,2988,44.0,,25574,314
5671,2026-08-16,7.2,8202,,,25566,352
137819,2026-08-16,8.1,6120,38.0,,25563,478
21241,2026-08-16,7.7,11008,,,25541,386
187941,2026-08-16,6.3,5766,,,25527,440
103638,2026-08-16,6.4,6574,,,25508,381
106503,2026-08-16,2.1,9059,,,25452,202
10073,2026-08-16,5.7,9664,,,25451,189
10418,2026-08-16,6.5,12508,,,25418,102
204436,2026-08-16,,213,,,25410,289
182578,2026-08-16,7.5,3099,,,25398,456
175450,2026-08-16,6.5,6561,,,25394,536
146743,2026-08-16,8.2,7306,55.0,,25392,602
1251,2026-08-16,7.3,4827,,,25389,448
99470,2026-08-16,6.7,5738,,,25385,220
2961,2026-08-16,7.4,13918,,,25376,590
21218,2026-08-16,7.0,8737,,,25375,302
14293,2026-08-16,6.5,8206,,,25360,159
100432,2026-08-16,4.9,7595,,,25357,211
128757,2026-08-16,7.4,1549,,,25349,278
147,2026-08-16,6.7,8959,,,25337,265
98878,2026-08-16,6.2,10068,,,25335,291
113652,2026-08-16,6.4,7306,,,25327,606
1239,2026-08-16,7.4,9836,,,25327,528
156111,2026-08-16,7.7,5053,,,25293,812
21192,2026-08-16,4.6,9973,,,25282,228
20713,2026-08-16,6.3,9392,,,25281,243
462,2026-08-16,7.2,11596,,,25243,208
21489,2026-08-16,6.4,9848,,,25242,230
98747,2026-08-16,7.0,8444,,,25240,1490
11077,2026-08-16,6.8,8784,,,25219,232
21376,2026-08-16,7.4,13059,,,25203,133
113814,2026-08-16,7.1,6464,,,25149,455
170113,2026-08-16,6.2,6248,,,25139,353
372,2026-08-16,8.1,12245,90.0,,25123,691
21482,2026-08-16,5.6,9020,,,25116,136
177191,2026-08-16,7.6,7008,,,25093,579
6030,2026-08-16,6.8,8432,,,25079,206
179879,2026-08-16,7.3,7809,,,25052,549
121467,2026-08-16,8.6,7535,7.0,,25044,1266
169579,2026-08-16,,357,,,24988,314
18661,2026-08-16,7.8,11064,40.0,,24988,345
21452,2026-08-16,6.4,9161,,,24982,174
20693,2026-08-16,7.0,8909,,,24980,331
140643,2026-08-16,6.0,6528,,,24977,206
21244,2026-08-16,7.9,7791,149.0,,24973,293
10507,2026-08-16,6.9,13079,,,24955,516
20582,2026-08-16,6.9,11132,,,24914,158
18393,2026-08-16,6.7,11707,,,24899,196
180425,2026-08-16,7.3,5316,,,24892,484
21055,2026-08-16,4.9,8734,,,24839,198
98519,2026-08-16,6.1,9197,,,24823,176
20952,2026-08-16,6.9,7162,,,24803,302
162785,2026-08-16,7.2,6610,,,24799,430
6336,2026-08-16,7.8,10647,43.0,,24790,875
846,2026-08-16,7.7,11534,,,24786,326
99394,2026-08-16,7.3,12740,,,24762,142
164117,2026-08-16,8.6,10695,,,24759,854
127976,2026-08-16,8.6,7419,8.0,,24732,1304
9750,2026-08-16,6.0,9488,,,24731,154
6895,2026-08-16,6.8,7554,,,24708,365
138459,2026-08-16,7.1,7509,,,24694,363
140499,2026-08-16,8.3,6712,47.0,,24692,805
10937,2026-08-16,8.1,9120,10.0,,24692,911
171630,2026-08-16,,238,,,24672,389
185211,2026-08-16,6.4,3333,,,24656,411
584,2026-08-16,7.1,4759,,,24654,291
15879,2026-08-16,6.5,11019,,,24652,133
182616,2026-08-16,7.6,1047,,,24592,212
405,2026-08-16,6.6,9375,,,24581,258
2403,2026-08-16,6.2,9567,,,24579,334
21795,2026-08-16,7.1,10138,41.0,,24571,305
962,2026-08-16,8.1,8642,237.0,,24563,486
104175,2026-08-16,6.9,8082,,,24556,225
63,2026-08-16,6.0,9362,,,24527,236
100715,2026-08-16,6.2,7475,,,24518,189
3603,2026-08-16,7.7,8250,232.0,,24497,607
10378,2026-08-16,7.3,10470,,,24470,219
198409,2026-08-16,5.6,1302,,,24460,273
107203,2026-08-16,7.7,4145,239.0,,24455,297
21871,2026-08-16,6.7,6079,,,24439,264
177509,2026-08-16,5.2,4580,,,24412,325
20680,2026-08-16,7.0,7354,,,24400,475
114622,2026-08-16,7.1,10689,,,24374,242
117002,2026-08-16,7.0,7332,,,24352,288
15201,2026-08-16,6.9,10189,,,24343,149
5420,2026-08-16,8.0,4261,323.0,,24341,665
710,2026-08-16,6.9,9954,,,24335,165
114301,2026-08-16,5.5,5501,,,24327,383
165070,2026-08-16,7.8,7430,,,24315,829
7,2026-08-16,6.8,4979,,,24285,311
21384,2026-08-16,8.0,12530,,,24249,203
99748,2026-08-16,7.4,6374,,,24245,496
379,2026-08-16,7.1,6718,,,24232,458
101930,2026-08-16,5.7,7877,,,24183,236
4814,2026-08-16,7.0,11601,,,24140,377
150654,2026-08-16,6.4,3722,,,24109,238
185939,2026-08-16,7.7,6669,,,24099,611
195518,2026-08-16,6.0,5057,,,24095,305
99939,2026-08-16,6.5,10911,,,24065,232
996,2026-08-16,7.7,9001,,,24044,712
158871,2026-08-16,7.3,3767,,,24027,757
14175,2026-08-16,7.7,8656,224.0,,24001,151
136381,2026-08-16,7.9,4744,39.0,,23998,347
21853,2026-08-16,7.2,9793,,,23992,285
4744,2026-08-16,5.8,10649,,,23987,109
6574,2026-08-16,7.0,7561,,,23968,251
107727,2026-08-16,6.3,9792,,,23964,197
136145,2026-08-16,7.8,12083,,,23953,272
148370,2026-08-16,8.0,10639,,,23938,765
3467,2026-08-16,6.8,9714,,,23921,209
109492,2026-08-16,7.1,8997,,,23917,318
109856,2026-08-16,4.9,6517,,,23901,248
20744,2026-08-16,6.6,7862,,,23900,190
132351,2026-08-16,5.8,6434,,,23890,253
183661,2026-08-16,6.9,5504,,,23874,576
21780,2026-08-16,6.5,10847,,,23867,152
20762,2026-08-16,7.5,10609,,,23831,303
81,2026-08-16,7.7,10730,68.0,,23830,741
14921,2026-08-16,6.1,8510,,,23825,173
181182,2026-08-16,8.1,8765,289.0,,23807,760
114099,2026-08-16,7.3,5712,,,23796,707
20737,2026-08-16,7.4,10834,,,23783,398
20835,2026-08-16,7.6,11242,,,23779,258
108487,2026-08-16,6.4,7946,,,23772,283
1816,2026-08-16,6.4,11132,,,23747,616
21213,2026-08-16,5.9,7448,,,23725,125
4719,2026-08-16,5.6,5991,,,23698,220
112803,2026-08-16,6.9,7672,,,23686,235
104307,2026-08-16,7.8,12815,46.0,,23670,343
171637,2026-08-16,7.7,6534,,,23665,460
2201,2026-08-16,6.5,11817,,,23658,150
15793,2026-08-16,7.4,10938,,,23648,566
118376,2026-08-16,5.5,4866,,,23615,274
98874,2026-08-16,7.5,6728,,,23608,282
164312,2026-08-16,7.7,6892,,,23605,586
6793,2026-08-16,7.1,10011,,,23602,257
5507,2026-08-16,7.5,8692,,,23590,1780
15125,2026-08-16,6.3,10120,,,23582,187
183270,2026-08-16,6.9,5294,,,23559,307
3091,2026-08-16,8.0,8341,328.0,,23559,370
5079,2026-08-16,7.0,7161,,,23551,1382
6987,2026-08-16,5.3,11320,,,23542,219
8726,2026-08-16,7.4,6412,,,23507,378
16694,2026-08-16,7.0,11536,,,23498,127
187940,2026-08-16,6.9,4955,,,23483,445
180436,2026-08-16,6.6,4329,,,23483,311
16444,2026-08-16,6.9,10865,,,23478,129
163077,2026-08-16,6.3,5282,,,23460,357
101374,2026-08-16,5.7,11620,,,23438,446
195333,2026-08-16,6.6,4930,,,23437,362
98607,2026-08-16,6.1,8702,,,23432,132
20991,2026-08-16,5.9,8724,,,23416,196
154454,2026-08-16,6.5,5128,,,23415,477
183660,2026-08-16,7.2,5252,,,23410,486
13411,2026-08-16,6.4,10395,,,23398,135
106239,2026-08-16,4.8,8902,,,23376,232
186561,2026-08-16,6.4,5149,,,23360,308
172355,2026-08-16,7.5,6492,,,23359,363
21496,2026-08-16,7.1,11821,,,23349,387
21248,2026-08-16,8.0,10204,116.0,,23349,861
141350,2026-08-16,6.9,7612,,,23342,341
122807,2026-08-16,6.9,6508,,,23334,385
20965,2026-08-16,6.5,6683,,,23334,270
21242,2026-08-16,4.8,7303,,,23322,168
21831,2026-08-16,7.2,9909,,,23293,206
124786,2026-08-16,6.5,8225,,,23290,368
102939,2026-08-16,6.4,6457,,,23280,259
151117,2026-08-16,8.0,4944,103.0,,23261,601
1004,2026-08-16,6.6,11450,,,23150,137
551,2026-08-16,7.2,9765,,,23130,340
179999,2026-08-16,6.9,7336,,,23127,222
140291,2026-08-16,6.8,3574,,,23115,599
2981,2026-08-16,4.4,9785,,,23113,416
101206,2026-08-16,7.4,10064,,,23094,173
61,2026-08-16,6.6,9026,,,23092,300
167991,2026-08-16,6.7,4076,,,23080,331
21275,2026-08-16,5.4,9130,,,23072,110
627,2026-08-16,8.0,8490,338.0,,23052,528
20654,2026-08-16,7.3,10290,,,23040,253
16355,2026-08-16,6.2,8401,,,23005,125
5365,2026-08-16,7.6,12252,257.0,,22985,267
7695,2026-08-16,6.6,11330,,,22980,150
139449,2026-08-16,6.4,8367,,,22934,262
20831,2026-08-16,6.9,10206,,,22892,155
10686,2026-08-16,6.8,9286,,,22890,159
15437,2026-08-16,7.0,10562,,,22884,127
21178,2026-08-16,6.8,10227,,,22877,174
306,2026-08-16,6.9,6047,,,22876,233
98031,2026-08-16,6.7,6437,,,22828,395
20625,2026-08-16,7.7,11049,61.0,,22813,213
16866,2026-08-16,6.7,9872,,,22796,147
2159,2026-08-16,7.6,7188,,,22787,616
196974,2026-08-16,6.3,1558,,,22770,255
461,2026-08-16,6.4,10553,,,22745,141
101367,2026-08-16,5.5,5849,,,22742,186
11241,2026-08-16,6.2,8861,,,22742,152
21328,2026-08-16,6.7,9035,,,22716,209
9776,2026-08-16,6.6,8613,,,22701,158
21010,2026-08-16,6.6,9993,,,22665,199
98524,2026-08-16,7.5,11668,,,22649,159
14765,2026-08-16,6.7,7431,,,22623,239
179054,2026-08-16,8.1,5807,259.0,,22608,587
20591,2026-08-16,6.3,6953,,,22605,188
20875,2026-08-16,5.5,7791,,,22593,168
194028,2026-08-16,6.7,4438,,,22543,430
101814,2026-08-16,4.8,5865,,,22531,162
158895,2026-08-16,7.5,6349,,,22515,533
144323,2026-08-16,5.0,4908,,,22514,186
7662,2026-08-16,6.8,7179,,,22507,231
154643,2026-08-16,6.6,4223,,,22504,365
97891,2026-08-16,6.9,7280,,,22504,180
177476,2026-08-16,7.0,4357,,,22502,297
3420,2026-08-16,7.1,5894,,,22502,189
189796,2026-08-16,,113,,,22488,175
104147,2026-08-16,5.4,8392,,,22482,155
169584,2026-08-16,8.0,6933,296.0,,22449,578
104198,2026-08-16,7.8,7247,483.0,,22449,511
9136,2026-08-16,7.0,9634,,,22435,237
126356,2026-08-16,8.4,9177,14.0,,22422,877
169362,2026-08-16,7.4,7633,,,22406,280
178550,2026-08-16,7.0,5428,,,22386,451
192261,2026-08-16,6.4,4714,,,22368,283
6444,2026-08-16,7.2,6102,,,22354,264
184639,2026-08-16,7.6,5077,,,22335,547
199112,2026-08-16,7.9,7480,361.0,,22329,644
131912,2026-08-16,7.1,4917,,,22309,426
168500,2026-08-16,5.7,5300,,,22304,326
100728,2026-08-16,6.1,8819,,,22299,149
82,2026-08-16,8.0,11097,24.0,,22284,1328
6127,2026-08-16,5.9,10676,,,22283,76
479,2026-08-16,7.3,6199,,,22216,372
4970,2026-08-16,7.0,10508,,,22208,250
170503,2026-08-16,7.8,4692,454.0,,22178,461
98249,2026-08-16,7.2,7369,,,22159,346
14515,2026-08-16,6.4,7099,,,22155,115
166,2026-08-16,7.0,6830,,,22147,270
3220,2026-08-16,7.1,6694,,,22144,883
107069,2026-08-16,7.7,5870,,,22134,440
108147,2026-08-16,6.3,7024,,,22117,274
21238,2026-08-16,6.6,8528,,,22116,197
209895,2026-08-16,,157,,,22110,191
21608,2026-08-16,5.1,7624,,,22110,156
15109,2026-08-16,6.7,6305,,,22097,245
13203,2026-08-16,7.6,7007,,,22083,565
179981,2026-08-16,,151,,,22056,297
143846,2026-08-16,6.8,7246,,,22053,349
107876,2026-08-16,5.6,5641,,,22026,158
11123,2026-08-16,7.3,10298,,,22022,376
108628,2026-08-16,6.4,5669,,,22009,274
20619,2026-08-16,5.5,8496,,,22009,114
195268,2026-08-16,6.9,3387,,,21998,329
114811,2026-08-16,6.3,5646,,,21989,340
122,2026-08-16,7.6,5840,,,21989,722
127363,2026-08-16,6.7,9167,,,21974,202
185965,2026-08-16,6.8,3919,,,21970,302
325,2026-08-16,6.5,6910,,,21948,430
20983,2026-08-16,6.3,7652,,,21926,194
97616,2026-08-16,6.5,7712,,,21925,178
111951,2026-08-16,6.9,6242,,,21920,323
441,2026-08-16,7.9,9323,151.0,,21911,1241
161992,2026-08-16,6.4,7545,,,21909,324
12815,2026-08-16,7.3,4345,,,21901,346
179878,2026-08-16,7.6,5830,288.0,,21898,817
127149,2026-08-16,7.5,7312,,,21896,306
10389,2026-08-16,7.3,7454,,,21892,224
97673,2026-08-16,6.3,10208,,,21877,204
124060,2026-08-16,5.6,3831,,,21868,258
163571,2026-08-16,8.2,8967,186.0,,21807,1857
169582,2026-08-16,5.9,1193,,,21796,234
98217,2026-08-16,6.5,6111,,,21773,343
155645,2026-08-16,7.8,5371,,,21765,447
20453,2026-08-16,6.7,10173,,,21760,113
170935,2026-08-16,6.9,4574,,,21731,141
21098,2026-08-16,6.9,9189,,,21727,219
2131,2026-08-16,6.2,11845,,,21697,138
935,2026-08-16,6.8,5813,,,21686,280
8476,2026-08-16,7.1,6595,,,21669,211
371,2026-08-16,7.4,10879,,,21660,429
10298,2026-08-16,7.1,8639,,,21642,185
1303,2026-08-16,7.0,7769,,,21634,302
199029,2026-08-16,6.2,5130,,,21623,377
7858,2026-08-16,6.9,10472,,,21622,149
97591,2026-08-16,4.8,7359,,,21620,112
194742,2026-08-16,7.1,4065,,,21619,391
2921,2026-08-16,8.8,6731,14.0,,21618,2278
20826,2026-08-16,7.6,7306,78.0,,21610,205
320,2026-08-16,6.3,8539,,,21603,387
795,2026-08-16,7.8,3882,435.0,,21598,1208
1454,2026-08-16,7.1,4645,,,21594,322
390,2026-08-16,6.8,7032,,,21589,226
179813,2026-08-16,6.6,3034,,,21567,276
603,2026-08-16,7.1,5903,,,21564,481
166700,2026-08-16,7.3,6178,,,21561,460
189326,2026-08-16,8.0,5577,301.0,,21555,481
126661,2026-08-16,7.4,6872,,,21537,316
529,2026-08-16,6.6,5340,,,21525,254
21588,2026-08-16,8.1,10397,18.0,,21512,227
10465,2026-08-16,5.7,5337,,,21511,297
184575,2026-08-16,6.1,5965,,,21498,261
100248,2026-08-16,5.9,9987,,,21453,212
123,2026-08-16,7.1,5378,,,21452,536
10491,2026-08-16,6.2,9793,,,21443,207
8876,2026-08-16,6.4,9603,,,21435,92
21243,2026-08-16,6.0,8090,,,21428,135
5690,2026-08-16,8.0,9677,322.0,,21420,217
110371,2026-08-16,5.9,4951,,,21415,280
20497,2026-08-16,7.5,10715,,,21383,146
10294,2026-08-16,6.8,5468,,,21380,146
112376,2026-08-16,5.9,6033,,,21378,240
180460,2026-08-16,7.1,5002,,,21373,375
119947,2026-08-16,6.7,9589,,,21372,143
19511,2026-08-16,7.3,9464,,,21370,302
201817,2026-08-16,7.1,4844,,,21365,367
95,2026-08-16,8.0,5478,317.0,,21363,1438
98,2026-08-16,6.9,6266,,,21312,254
168345,2026-08-16,7.0,5951,,,21287,450
139359,2026-08-16,7.2,2372,,,21280,205
166521,2026-08-16,8.2,4577,174.0,,21266,346
21741,2026-08-16,6.3,4467,,,21247,264
463,2026-08-16,6.7,10188,,,21244,142
1050,2026-08-16,7.2,6368,,,21218,542
100569,2026-08-16,5.5,7076,,,21190,122
4477,2026-08-16,7.8,10054,434.0,,21179,158
2002,2026-08-16,7.1,5810,,,21158,302
141400,2026-08-16,5.7,5989,,,21153,306
186863,2026-08-16,7.7,1557,,,21136,342
21327,2026-08-16,7.0,9484,,,21113,133
4672,2026-08-16,7.6,6743,274.0,,21105,239
1709,2026-08-16,6.8,10064,,,21097,142
100762,2026-08-16,5.2,8105,,,21073,162
178083,2026-08-16,,248,,,21072,246
112930,2026-08-16,6.9,8235,,,21072,403
178022,2026-08-16,6.9,5102,,,21069,212
15613,2026-08-16,6.9,6301,,,21022,270
213846,2026-08-16,,148,,,21007,197
975,2026-08-16,7.4,7063,,,21004,678
104936,2026-08-16,6.2,6058,,,20994,336
350,2026-08-16,7.4,6125,,,20993,784
4192,2026-08-16,7.4,8535,,,20989,194
110446,2026-08-16,3.2,5883,,,20981,139
153687,2026-08-16,7.6,4709,250.0,,20941,255
11783,2026-08-16,6.7,9751,,,20922,169
176298,2026-08-16,6.4,3858,,,20919,299
173388,2026-08-16,5.2,5063,,,20914,304
9834,2026-08-16,7.1,6358,,,20905,175
435,2026-08-16,7.1,5097,,,20902,382
1566,2026-08-16,7.8,7884,,,20895,212
170604,2026-08-16,6.0,5735,,,20868,304
97635,2026-08-16,7.3,10260,,,20866,219
113024,2026-08-16,8.7,7707,7.0,,20861,2443
136428,2026-08-16,6.5,5631,,,20857,235
149073,2026-08-16,6.8,7868,,,20837,229
14093,2026-08-16,6.2,10181,,,20831,157
21313,2026-08-16,7.5,8708,,,20829,235
4884,2026-08-16,6.9,6446,,,20813,197
210482,2026-08-16,,308,,,20811,273
20714,2026-08-16,7.1,9612,,,20801,205
199066,2026-08-16,6.8,1205,,,20779,214
18295,2026-08-16,6.8,10241,,,20768,198
15775,2026-08-16,7.2,8797,,,20748,188
565,2026-08-16,7.0,6978,,,20736,178
1288,2026-08-16,7.2,6577,,,20729,372
174914,2026-08-16,6.6,5558,,,20711,335
634,2026-08-16,6.6,5941,,,20706,198
167146,2026-08-16,6.2,4864,,,20677,228
155348,2026-08-16,8.2,8207,,,20656,374
594,2026-08-16,6.4,8632,,,20646,149
14189,2026-08-16,7.2,9577,,,20622,185
20777,2026-08-16,6.9,8539,,,20606,148
20533,2026-08-16,6.7,7209,,,20570,221
112686,2026-08-16,6.9,9375,,,20556,198
15377,2026-08-16,6.3,6854,,,20547,191
98574,2026-08-16,7.1,6326,,,20537,265
12783,2026-08-16,6.3,8175,,,20534,222
160442,2026-08-16,6.1,5710,,,20533,322
200929,2026-08-16,,91,,,20520,166
101633,2026-08-16,7.4,8811,,,20510,444
17121,2026-08-16,7.0,10059,,,20506,106
107622,2026-08-16,7.0,6744,,,20492,239
20455,2026-08-16,5.6,6526,,,20490,168
19117,2026-08-16,6.8,7413,,,20484,154
100294,2026-08-16,6.5,7627,,,20482,232
21704,2026-08-16,6.3,10186,,,20469,212
20604,2026-08-16,6.1,9191,,,20456,123
10015,2026-08-16,6.3,9616,,,20453,397
1486,2026-08-16,7.8,4441,443.0,,20452,855
9981,2026-08-16,6.7,6883,,,20450,154
20571,2026-08-16,6.5,8487,,,20445,171
109928,2026-08-16,7.8,5488,164.0,,20428,562
98298,2026-08-16,7.0,10943,,,20422,247
206521,2026-08-16,7.2,1186,,,20417,172
731,2026-08-16,7.7,9616,213.0,,20415,669
10851,2026-08-16,5.3,8688,,,20409,505
21423,2026-08-16,5.9,7749,,,20408,122
1722,2026-08-16,6.7,6356,,,20378,259
21265,2026-08-16,7.3,10312,,,20363,413
101574,2026-08-16,7.6,5467,,,20358,146
10572,2026-08-16,6.4,7496,,,20350,146
2397,2026-08-16,7.6,10880,256.0,,20349,613
112023,2026-08-16,8.1,5143,67.0,,20348,802
208,2026-08-16,7.5,7231,,,20328,1110
146921,2026-08-16,7.1,5848,,,20320,339
132,2026-08-16,7.1,5642,,,20285,322
179992,2026-08-16,6.7,4651,,,20283,267
21235,2026-08-16,7.8,9480,,,20265,194
204066,2026-08-16,7.6,6111,252.0,,20259,377
514,2026-08-16,6.5,6176,,,20257,314
834,2026-08-16,6.5,8626,,,20222,164
167142,2026-08-16,5.9,3412,,,20197,182
16890,2026-08-16,6.4,6337,,,20194,208
21512,2026-08-16,6.5,4760,,,20191,452
1347,2026-08-16,7.0,4380,,,20186,372
206951,2026-08-16,7.1,3474,,,20182,441
21305,2026-08-16,6.7,9375,,,20173,116
174871,2026-08-16,,255,,,20165,157
6974,2026-08-16,6.6,6492,,,20159,126
184279,2026-08-16,6.9,4798,,,20156,329
97988,2026-08-16,7.3,6590,,,20150,119
1546,2026-08-16,6.6,5659,,,20144,151
99938,2026-08-16,7.9,8507,153.0,,20127,321
169295,2026-08-16,8.1,7661,227.0,,20120,1724
1142,2026-08-16,7.9,8198,386.0,,20103,341
6203,2026-08-16,6.8,5057,,,20068,199
98630,2026-08-16,6.2,5807,,,20061,252
251,2026-08-16,7.0,4409,,,20058,372
105595,2026-08-16,7.9,7288,159.0,,20053,569
204363,2026-08-16,,423,,,20052,183
167927,2026-08-16,7.4,4961,,,20051,376
187924,2026-08-16,,156,,,20033,196
21321,2026-08-16,7.0,7222,,,20028,298
28,2026-08-16,7.6,5580,,,20027,364
162987,2026-08-16,8.0,4670,124.0,,20026,347
101368,2026-08-16,6.9,7302,,,19984,175
1606,2026-08-16,7.2,6068,,,19979,266
155982,2026-08-16,6.1,4566,,,19972,259
3229,2026-08-16,6.7,7095,,,19971,111
11227,2026-08-16,6.9,5440,,,19970,788
144144,2026-08-16,6.4,4783,,,19959,310
100745,2026-08-16,7.1,7499,,,19950,355
1177,2026-08-16,6.8,6931,,,19937,807
99807,2026-08-16,6.5,6197,,,19927,285
19759,2026-08-16,6.8,8061,,,19927,139
8536,2026-08-16,6.3,8864,,,19915,138
5112,2026-08-16,5.5,8262,,,19907,74
98529,2026-08-16,6.2,6728,,,19902,162
1107,2026-08-16,6.1,6115,,,19878,296
20560,2026-08-16,7.4,9110,,,19867,499
12979,2026-08-16,6.7,8266,,,19855,271
20796,2026-08-16,7.1,8718,,,19852,398
178675,2026-08-16,7.2,5262,,,19835,583
125869,2026-08-16,6.1,4861,,,19824,111
4551,2026-08-16,6.7,6193,,,19809,209
115069,2026-08-16,7.4,6653,,,19790,536
413,2026-08-16,1.9,13176,,,19790,38
3230,2026-08-16,6.7,6324,,,19779,147
153841,2026-08-16,8.1,5408,271.0,,19778,513
97979,2026-08-16,6.3,7913,,,19777,86
167,2026-08-16,7.1,5050,,,19717,166
213656,2026-08-16,,132,,,19713,249
246,2026-08-16,6.7,5888,,,19711,225
966,2026-08-16,7.7,6150,,,19706,1040
185519,2026-08-16,7.3,6105,,,19705,425
101581,2026-08-16,6.8,7166,,,19680,215
21728,2026-08-16,6.6,8913,,,19674,157
101705,2026-08-16,6.8,6189,,,19661,214
19319,2026-08-16,7.6,7640,,,19647,487
142684,2026-08-16,8.1,4965,99.0,,19643,651
465,2026-08-16,6.7,8866,,,19635,115
10647,2026-08-16,6.6,7487,,,19609,128
122148,2026-08-16,6.4,5850,,,19594,147
20930,2026-08-16,6.5,6676,,,19571,139
13585,2026-08-16,6.9,5833,,,19568,170
97984,2026-08-16,6.9,5063,,,19559,240
6171,2026-08-16,7.6,9076,80.0,,19553,485
104937,2026-08-16,6.4,5530,,,19510,358
9047,2026-08-16,7.2,8641,,,19509,92
21187,2026-08-16,6.8,6883,,,19492,162
192800,2026-08-16,7.0,1242,,,19487,255
5150,2026-08-16,6.9,5712,,,19473,121
11021,2026-08-16,6.6,6695,,,19466,197
128828,2026-08-16,5.3,4635,,,19464,222
143080,2026-08-16,6.5,3666,,,19463,101
185657,2026-08-16,,103,,,19444,121
104391,2026-08-16,7.2,6829,,,19444,412
9587,2026-08-16,5.6,6872,,,19444,100
248,2026-08-16,6.2,6643,,,19436,132
21404,2026-08-16,6.3,7080,,,19434,169
94,2026-08-16,6.5,8770,,,19427,335
99796,2026-08-16,6.7,5304,,,19381,147
105662,2026-08-16,7.1,9191,,,19352,101
12471,2026-08-16,6.2,6908,,,19344,120
132525,2026-08-16,6.2,4405,,,19338,218
199408,2026-08-16,6.8,1204,,,19337,168
107346,2026-08-16,6.6,5459,,,19315,206
179930,2026-08-16,7.6,3267,,,19307,244
158,2026-08-16,6.9,4126,,,19306,250
18851,2026-08-16,6.4,8779,,,19304,138
163542,2026-08-16,7.0,5267,,,19297,272
140350,2026-08-16,8.5,6364,65.0,,19273,574
150429,2026-08-16,7.8,8217,45.0,,19264,229
187331,2026-08-16,5.8,4311,,,19244,262
186621,2026-08-16,7.1,4877,,,19242,324
186524,2026-08-16,6.8,3980,,,19241,280
21197,2026-08-16,6.2,6325,,,19231,148
187267,2026-08-16,7.3,5180,,,19217,308
587,2026-08-16,7.0,7363,,,19189,144
98778,2026-08-16,6.7,8991,,,19184,92
987,2026-08-16,6.2,9486,,,19170,201
8410,2026-08-16,6.9,10307,,,19168,350
104115,2026-08-16,6.4,6879,,,19161,185
99935,2026-08-16,7.6,6134,,,19157,555
97642,2026-08-16,8.0,7124,329.0,,19151,397
187989,2026-08-16,6.5,2625,,,19137,211
1860,2026-08-16,6.5,3287,,,19120,141
13403,2026-08-16,7.1,8607,,,19112,140
189275,2026-08-16,8.3,6943,129.0,,19088,464
21765,2026-08-16,7.2,5910,,,19066,184
20618,2026-08-16,6.9,5737,,,19044,176
97683,2026-08-16,6.2,5986,,,19043,156
1016,2026-08-16,6.7,6552,,,19041,267
161410,2026-08-16,,107,,,19038,119
1095,2026-08-16,7.6,6761,,,19013,444
21458,2026-08-16,7.7,7736,,,19007,440
521,2026-08-16,7.1,7030,,,19005,774
102835,2026-08-16,5.7,5198,,,18990,142
2404,2026-08-16,6.2,6428,,,18970,140
117196,2026-08-16,6.4,4493,,,18926,265
3713,2026-08-16,7.2,6205,,,18918,161
10447,2026-08-16,6.7,6673,,,18915,232
9000,2026-08-16,7.3,6197,,,18897,238
100965,2026-08-16,7.5,8216,,,18884,381
146609,2026-08-16,7.4,847,,,18837,166
20708,2026-08-16,6.5,6573,,,18827,139
20643,2026-08-16,6.0,5703,,,18816,243
155011,2026-08-16,7.7,6136,,,18804,465
21673,2026-08-16,8.2,6609,185.0,,18799,1242
171025,2026-08-16,6.9,4921,,,18795,196
21500,2026-08-16,7.1,9268,,,18793,147
130319,2026-08-16,6.3,5476,,,18778,197
175409,2026-08-16,5.9,3818,,,18771,200
146637,2026-08-16,6.9,5722,,,18749,299
452,2026-08-16,7.3,8196,,,18747,214
101016,2026-08-16,6.4,6418,,,18732,278
20487,2026-08-16,7.1,6820,,,18728,196
100226,2026-08-16,5.1,6961,,,18716,122
6381,2026-08-16,7.1,8051,,,18669,207
113811,2026-08-16,7.4,8913,,,18658,149
16700,2026-08-16,6.8,8287,,,18657,157
8740,2026-08-16,7.6,9001,,,18639,120
98240,2026-08-16,7.6,6428,266.0,,18634,199
148080,2026-08-16,6.8,5877,,,18631,238
145739,2026-08-16,7.4,4172,,,18630,313
129627,2026-08-16,6.8,7824,,,18605,219
1894,2026-08-16,6.3,9825,,,18586,150
21214,2026-08-16,7.6,8972,,,18585,147
20509,2026-08-16,6.1,6132,,,18574,107
116173,2026-08-16,6.1,4858,,,18570,165
194219,2026-08-16,6.9,1216,,,18564,332
97909,2026-08-16,6.1,7167,,,18549,202
127619,2026-08-16,7.2,8505,,,18545,169
104170,2026-08-16,7.4,8396,,,18541,128
152677,2026-08-16,,176,,,18537,247
5764,2026-08-16,6.7,8706,,,18530,146
21334,2026-08-16,6.9,6365,,,18523,127
489,2026-08-16,7.1,4032,,,18522,200
171545,2026-08-16,6.8,3642,,,18508,534
126790,2026-08-16,7.0,5865,,,18506,341
427,2026-08-16,7.6,4597,,,18505,513
171642,2026-08-16,7.6,6434,,,18504,435
5118,2026-08-16,7.0,8433,,,18497,82
17505,2026-08-16,6.9,5453,,,18491,156
1090,2026-08-16,7.1,9559,,,18483,213
165445,2026-08-16,6.7,4460,,,18480,228
20697,2026-08-16,7.2,9158,,,18478,152
137312,2026-08-16,6.8,6592,,,18477,187
20644,2026-08-16,6.4,8709,,,18473,126
696,2026-08-16,7.1,4638,,,18467,348
151513,2026-08-16,6.8,5019,,,18458,303
196029,2026-08-16,7.1,3406,,,18457,387
196012,2026-08-16,6.6,1229,,,18447,231
186822,2026-08-16,,151,,,18446,321
140337,2026-08-16,8.2,1857,66.0,,18443,242
20906,2026-08-16,7.7,5732,,,18437,377
1965,2026-08-16,6.7,6208,,,18424,154
108353,2026-08-16,6.8,4659,,,18406,231
154765,2026-08-16,,166,,,18399,373
5039,2026-08-16,6.4,4179,,,18384,132
21777,2026-08-16,6.5,6928,,,18383,140
107294,2026-08-16,7.3,6677,,,18346,279
177580,2026-08-16,6.8,4852,,,18345,325
12461,2026-08-16,6.2,5622,,,18318,175
761,2026-08-16,6.2,7806,,,18314,121
20953,2026-08-16,6.5,5792,,,18313,169
859,2026-08-16,6.7,8996,,,18302,374
21407,2026-08-16,7.4,7644,,,18294,181
87,2026-08-16,7.6,9500,294.0,,18293,883
17535,2026-08-16,6.9,7765,,,18292,168
158530,2026-08-16,6.3,4770,,,18278,180
2952,2026-08-16,7.4,9988,,,18272,353
100268,2026-08-16,8.2,6015,56.0,,18251,243
12191,2026-08-16,7.0,7607,,,18245,496
74,2026-08-16,7.4,6205,,,18235,578
9922,2026-08-16,6.1,5599,,,18210,127
53,2026-08-16,6.7,6240,,,18168,155
21300,2026-08-16,6.1,8149,,,18165,145
20854,2026-08-16,7.8,9475,486.0,,18163,248
196219,2026-08-16,6.3,1073,,,18160,196
21497,2026-08-16,6.6,5895,,,18159,173
20506,2026-08-16,6.8,7474,,,18140,1683
18767,2026-08-16,5.5,6943,,,18132,109
96,2026-08-16,7.4,6884,,,18129,811
450,2026-08-16,7.4,7806,,,18092,236
101595,2026-08-16,7.5,4270,,,18050,148
142599,2026-08-16,5.7,5062,,,18043,222
20900,2026-08-16,7.7,6945,56.0,,18039,240
176234,2026-08-16,7.0,4037,,,18033,288
131584,2026-08-16,6.0,3328,,,18018,325
2986,2026-08-16,7.6,7667,,,17990,1678
163151,2026-08-16,7.0,4812,,,17973,246
21836,2026-08-16,6.6,8231,,,17972,301
2899,2026-08-16,6.8,8790,,,17947,111
21726,2026-08-16,7.1,7171,34.0,,17920,216
1379,2026-08-16,7.5,6739,,,17889,100
86,2026-08-16,6.6,7683,,,17879,416
586,2026-08-16,6.9,4994,,,17878,135
20908,2026-08-16,7.1,4727,,,17876,311
16099,2026-08-16,5.5,7827,,,17873,78
6572,2026-08-16,7.1,7870,,,17862,97
20479,2026-08-16,6.8,8637,,,17846,80
2116,2026-08-16,7.1,8347,,,17842,425
143086,2026-08-16,7.4,6015,,,17813,247
20932,2026-08-16,6.5,5015,,,17795,221
20877,2026-08-16,6.3,6164,,,17793,238
101292,2026-08-16,6.3,5721,,,17790,168
172192,2026-08-16,,132,,,17789,233
110445,2026-08-16,5.8,6106,,,17775,246
195494,2026-08-16,6.9,8787,,,17762,200
138700,2026-08-16,7.7,5138,54.0,,17748,246
8100,2026-08-16,7.0,5989,,,17718,133
108713,2026-08-16,6.5,4843,,,17717,187
87489,2026-08-16,6.7,6569,,,17714,146
155089,2026-08-16,5.8,4360,,,17704,146
10611,2026-08-16,5.9,6620,,,17702,87
202381,2026-08-16,6.0,2393,,,17667,189
478,2026-08-16,6.7,4914,,,17613,224
114411,2026-08-16,6.0,3663,,,17603,209
2107,2026-08-16,7.0,7578,,,17600,124
6586,2026-08-16,7.6,5666,,,17590,711
6610,2026-08-16,6.5,6550,,,17566,113
13261,2026-08-16,7.2,9092,,,17550,495
490,2026-08-16,7.0,4353,,,17550,284
3358,2026-08-16,6.9,5531,,,17544,106
122508,2026-08-16,7.3,1327,,,17537,299
199342,2026-08-16,,72,,,17516,139
99000,2026-08-16,6.8,5504,,,17502,324
102425,2026-08-16,7.1,4884,,,17499,318
166896,2026-08-16,5.7,3849,,,17490,218
151679,2026-08-16,6.3,3875,,,17486,253
8917,2026-08-16,6.8,5442,,,17483,156
209,2026-08-16,7.9,6791,371.0,,17482,2407
176292,2026-08-16,7.4,4087,,,17475,268
5262,2026-08-16,7.2,7295,,,17470,246
21678,2026-08-16,7.3,5521,,,17441,115
502,2026-08-16,6.3,8284,,,17436,110
15323,2026-08-16,7.8,7618,,,17426,178
10216,2026-08-16,7.2,5675,28.0,,17423,194
18619,2026-08-16,7.6,8493,98.0,,17403,221
153676,2026-08-16,,144,,,17393,140
21415,2026-08-16,6.7,7450,,,17378,126
146638,2026-08-16,7.6,5394,,,17359,285
516,2026-08-16,7.4,5265,,,17355,599
779,2026-08-16,7.7,9284,244.0,,17346,204
98511,2026-08-16,7.1,6179,,,17337,199
131880,2026-08-16,6.9,4857,,,17333,481
21009,2026-08-16,6.8,5393,,,17325,113
178707,2026-08-16,7.1,277,,,17319,225
20518,2026-08-16,6.1,5767,,,17315,92
100133,2026-08-16,5.8,7268,,,17294,125
21599,2026-08-16,6.3,7385,,,17291,108
21067,2026-08-16,6.9,8200,,,17286,446
133891,2026-08-16,7.5,6663,,,17284,457
9314,2026-08-16,6.5,6082,,,17273,103
957,2026-08-16,7.4,3612,,,17272,283
65,2026-08-16,7.3,7974,,,17238,208
100644,2026-08-16,4.8,4716,,,17226,159
326,2026-08-16,6.8,5587,,,17222,341
451,2026-08-16,7.5,7263,,,17219,192
12685,2026-08-16,6.1,7644,,,17218,80
207674,2026-08-16,5.6,665,,,17205,246
135643,2026-08-16,6.6,4363,,,17198,186
218,2026-08-16,7.3,4164,,,17195,351
129386,2026-08-16,6.0,5181,,,17188,191
176702,2026-08-16,6.7,4002,,,17187,256
165598,2026-08-16,7.6,4909,,,17181,484
87458,2026-08-16,6.2,8401,,,17163,130
16680,2026-08-16,6.1,8049,,,17147,87
12487,2026-08-16,7.2,6764,,,17146,179
187892,2026-08-16,6.7,1532,,,17133,125
10893,2026-08-16,6.8,6026,,,17124,117
205081,2026-08-16,,175,,,17121,113
149,2026-08-16,5.8,6176,,,17104,179
185514,2026-08-16,6.6,3840,,,17101,212
97609,2026-08-16,4.9,5534,,,17095,57
21672,2026-08-16,7.6,7410,,,17093,465
181443,2026-08-16,6.3,3054,,,17089,332
58,2026-08-16,6.6,3871,,,17088,190
170891,2026-08-16,6.1,4036,,,17062,294
283,2026-08-16,8.0,3486,302.0,,17062,1059
21596,2026-08-16,7.3,8003,,,17057,156
4535,2026-08-16,6.3,6374,,,17027,186
20501,2026-08-16,6.9,7245,,,17011,102
9055,2026-08-16,7.0,5159,,,16997,142
180794,2026-08-16,6.4,4135,,,16983,194
14893,2026-08-16,6.2,7573,,,16983,110
21715,2026-08-16,6.9,6235,,,16982,223
139804,2026-08-16,5.6,4302,,,16974,140
151126,2026-08-16,6.5,4914,,,16973,191
822,2026-08-16,7.1,7986,,,16973,158
8479,2026-08-16,6.9,7569,,,16968,189
155070,2026-08-16,6.5,4498,,,16965,192
21432,2026-08-16,6.8,7371,,,16953,125
170221,2026-08-16,7.7,7412,,,16947,252
20478,2026-08-16,8.1,6930,14.0,,16935,138
474,2026-08-16,7.5,5495,,,16930,431
276,2026-08-16,6.8,4487,,,16916,174
123494,2026-08-16,5.6,5151,,,16912,246
12317,2026-08-16,6.0,6074,,,16906,100
20895,2026-08-16,6.1,6285,,,16898,149
9675,2026-08-16,6.5,7040,,,16895,97
756,2026-08-16,5.1,5747,,,16893,179
98033,2026-08-16,8.1,7385,11.0,,16889,346
3089,2026-08-16,7.1,5163,,,16883,339
12711,2026-08-16,6.7,7237,,,16838,201
137662,2026-08-16,8.0,3304,48.0,,16834,496
98575,2026-08-16,6.6,3074,,,16825,169
209963,2026-08-16,,102,,,16785,162
156,2026-08-16,6.9,3996,,,16782,208
133,2026-08-16,5.3,7236,,,16779,98
21091,2026-08-16,7.6,6991,85.0,,16777,180
14283,2026-08-16,6.0,6155,,,16774,80
18041,2026-08-16,7.1,6139,,,16765,189
198374,2026-08-16,6.4,3098,,,16757,195
770,2026-08-16,6.8,7200,,,16753,111
8310,2026-08-16,7.5,5768,,,16747,282
21239,2026-08-16,6.2,8442,,,16737,84
1824,2026-08-16,7.4,5209,,,16727,198
8577,2026-08-16,5.4,8545,,,16715,150
21462,2026-08-16,7.6,6569,,,16685,384
21389,2026-08-16,6.2,5632,,,16680,229
101013,2026-08-16,6.6,5847,,,16677,137
1087,2026-08-16,7.1,3079,,,16673,342
186744,2026-08-16,6.9,2474,,,16641,256
10083,2026-08-16,7.5,8516,,,16641,107
133412,2026-08-16,7.1,4961,,,16622,430
11739,2026-08-16,7.7,6795,,,16614,218
2494,2026-08-16,6.0,6372,,,16574,102
108942,2026-08-16,7.5,4150,,,16571,186
3848,2026-08-16,7.1,6920,,,16541,131
969,2026-08-16,7.1,6430,,,16534,182
21068,2026-08-16,7.4,6589,,,16530,86
126897,2026-08-16,6.4,4296,,,16516,224
99412,2026-08-16,6.7,5992,,,16516,183
101634,2026-08-16,7.8,6482,431.0,,16501,563
243,2026-08-16,6.2,6443,,,16490,250
16385,2026-08-16,6.6,6743,,,16485,151
1089,2026-08-16,7.7,6915,226.0,,16466,729
4872,2026-08-16,7.6,7087,89.0,,16454,97
19023,2026-08-16,6.7,5077,,,16449,122
104368,2026-08-16,7.5,7683,,,16448,106
108450,2026-08-16,6.7,4221,,,16446,326
449,2026-08-16,7.3,6799,,,16446,163
21695,2026-08-16,7.3,6196,,,16437,101
10370,2026-08-16,6.9,8734,,,16434,297
102969,2026-08-16,7.7,6896,52.0,,16427,225
194447,2026-08-16,7.4,5467,18.0,,16403,200
108981,2026-08-16,7.8,5585,180.0,,16388,349
20552,2026-08-16,6.4,6796,,,16384,359
6772,2026-08-16,7.2,6857,,,16384,78
10464,2026-08-16,7.1,7328,,,16377,146
97873,2026-08-16,7.1,4670,,,16369,289
7017,2026-08-16,6.0,8238,,,16369,75
1491,2026-08-16,7.5,2015,,,16369,405
11113,2026-08-16,7.6,9054,,,16340,57
21585,2026-08-16,7.7,7622,60.0,,16334,105
20359,2026-08-16,6.8,5680,,,16321,136
800,2026-08-16,6.6,3075,,,16320,198
2130,2026-08-16,6.5,4081,,,16319,179
1051,2026-08-16,6.6,4460,,,16310,236
10638,2026-08-16,7.0,8080,,,16286,81
20856,2026-08-16,7.1,8167,,,16267,84
11209,2026-08-16,6.2,6172,,,16254,144
21264,2026-08-16,5.8,5626,,,16248,135
20554,2026-08-16,6.5,8413,,,16240,87
98856,2026-08-16,6.6,6682,,,16236,163
2508,2026-08-16,7.6,7619,,,16230,166
110810,2026-08-16,5.3,4364,,,16229,166
114307,2026-08-16,5.8,4453,,,16219,173
100251,2026-08-16,5.4,5625,,,16214,110
3366,2026-08-16,5.9,3813,,,16210,100
112716,2026-08-16,5.5,3872,,,16189,185
165314,2026-08-16,6.7,4116,,,16184,1033
143,2026-08-16,6.2,4834,,,16161,235
393,2026-08-16,6.6,4938,,,16117,185
168,2026-08-16,7.0,4901,,,16117,285
181951,2026-08-16,,104,,,16093,180
5342,2026-08-16,6.4,5815,,,16077,97
130696,2026-08-16,5.2,3199,,,16064,207
98663,2026-08-16,7.4,4130,,,16042,173
20446,2026-08-16,6.0,5523,,,16041,115
169698,2026-08-16,7.5,4642,,,16038,438
171019,2026-08-16,4.8,3358,,,16031,223
7058,2026-08-16,6.7,4015,,,16020,266
17115,2026-08-16,6.4,7505,,,16016,114
100978,2026-08-16,6.5,3038,,,16012,187
98512,2026-08-16,5.6,5379,,,16006,102
19671,2026-08-16,7.3,6537,,,16004,131
20919,2026-08-16,6.8,3756,,,15993,221
1034,2026-08-16,7.2,4745,,,15976,275
17187,2026-08-16,7.1,6209,,,15969,125
159490,2026-08-16,8.2,5777,31.0,,15962,446
199185,2026-08-16,,123,,,15959,170
16273,2026-08-16,7.2,7903,,,15948,109
3001,2026-08-16,7.2,4912,,,15947,111
100791,2026-08-16,7.6,6027,,,15941,296
77,2026-08-16,7.8,7037,461.0,,15926,403
99707,2026-08-16,7.0,1415,,,15913,219
21155,2026-08-16,6.1,5288,,,15911,116
20588,2026-08-16,5.7,5081,,,15903,101
104745,2026-08-16,7.1,5876,,,15899,212
21782,2026-08-16,6.1,7163,,,15894,111
142411,2026-08-16,7.3,4494,,,15886,249
415,2026-08-16,6.9,7313,,,15885,217
8768,2026-08-16,6.8,7368,,,15867,87
101340,2026-08-16,6.3,3461,,,15866,118
343,2026-08-16,6.5,4323,,,15855,134
569,2026-08-16,7.5,3561,,,15844,364
136080,2026-08-16,6.8,5313,,,15822,207
21813,2026-08-16,7.6,6138,81.0,,15821,218
411,2026-08-16,6.9,4502,,,15821,245
1074,2026-08-16,6.3,6480,,,15817,107
21471,2026-08-16,5.8,5661,,,15806,74
12069,2026-08-16,7.9,7667,,,15789,170
87539,2026-08-16,7.1,5294,,,15785,124
20824,2026-08-16,7.2,6896,,,15775,125
114473,2026-08-16,6.7,5308,,,15768,269
166611,2026-08-16,8.4,3967,93.0,,15767,382
3299,2026-08-16,6.4,6189,,,15748,124
1140,2026-08-16,6.5,5607,,,15747,150
98060,2026-08-16,6.3,7247,,,15734,117
15061,2026-08-16,7.5,4109,,,15722,656
290,2026-08-16,7.3,3854,,,15722,188
213477,2026-08-16,,120,,,15720,169
107208,2026-08-16,8.0,6365,120.0,,15718,285
97769,2026-08-16,7.6,5974,,,15714,337
20947,2026-08-16,7.1,4035,,,15711,147
11763,2026-08-16,5.1,4015,,,15711,121
20454,2026-08-16,6.5,5281,,,15698,125
180,2026-08-16,6.7,5273,,,15692,222
144,2026-08-16,6.5,4226,,,15688,114
1365,2026-08-16,8.0,8084,113.0,,15676,307
10417,2026-08-16,4.7,6779,,,15671,99
211711,2026-08-16,7.6,3282,,,15662,225
3014,2026-08-16,7.6,8114,280.0,,15648,121
136947,2026-08-16,5.0,3584,,,15642,113
302,2026-08-16,7.8,3690,,,15627,452
103000,2026-08-16,5.4,5921,,,15617,189
1096,2026-08-16,8.1,5896,75.0,,15617,1214
20979,2026-08-16,5.4,6349,,,15592,105
140642,2026-08-16,7.5,6629,,,15587,359
21611,2026-08-16,4.8,4591,,,15584,81
893,2026-08-16,6.8,7027,,,15578,160
169258,2026-08-16,6.4,2266,,,15566,190
891,2026-08-16,6.3,6978,,,15566,93
420,2026-08-16,6.5,3566,,,15549,206
21312,2026-08-16,6.7,7005,,,15536,115
2594,2026-08-16,7.3,4848,,,15535,107
182771,2026-08-16,6.7,3092,,,15529,274
98495,2026-08-16,7.4,4342,,,15497,138
98379,2026-08-16,6.3,4221,,,15472,135
97985,2026-08-16,6.8,6794,,,15468,117
21266,2026-08-16,6.4,8231,,,15468,100
21002,2026-08-16,5.8,6052,,,15467,161
2000,2026-08-16,6.8,4544,,,15454,180
213805,2026-08-16,,81,,,15453,162
186161,2026-08-16,6.9,3746,,,15448,304
150077,2026-08-16,6.6,3309,,,15446,319
193,2026-08-16,6.1,5713,,,15441,102
21439,2026-08-16,5.5,4140,,,15418,113
176509,2026-08-16,7.5,4273,,,15403,229
98073,2026-08-16,6.7,5949,,,15402,236
8440,2026-08-16,6.3,6675,,,15402,80
102891,2026-08-16,6.8,2398,,,15398,122
103049,2026-08-16,7.3,6361,,,15393,165
18097,2026-08-16,6.5,7727,,,15377,255
19109,2026-08-16,6.5,6681,,,15375,85
3613,2026-08-16,7.1,4179,,,15375,143
101161,2026-08-16,6.9,4520,,,15370,208
198939,2026-08-16,6.7,3073,,,15367,196
176287,2026-08-16,6.5,5463,,,15359,184
6951,2026-08-16,6.9,7896,,,15344,229
1250,2026-08-16,6.8,5225,,,15337,152
21891,2026-08-16,6.4,7041,,,15332,64
113585,2026-08-16,6.2,4083,,,15325,165
6408,2026-08-16,6.9,5364,,,15318,88
19391,2026-08-16,6.3,6060,,,15308,120
155227,2026-08-16,8.5,4516,68.0,,15302,417
98515,2026-08-16,5.0,4572,,,15290,119
4151,2026-08-16,6.5,3421,,,15285,142
177175,2026-08-16,7.7,3205,,,15261,376
118743,2026-08-16,7.1,4179,,,15246,163
106494,2026-08-16,7.1,8766,,,15240,71
102449,2026-08-16,6.4,4825,,,15238,121
11359,2026-08-16,7.3,6831,,,15219,141
19123,2026-08-16,7.8,6064,,,15209,166
17873,2026-08-16,6.1,7125,,,15202,110
84,2026-08-16,6.7,6773,,,15187,198
97734,2026-08-16,6.9,7028,,,15181,132
21771,2026-08-16,7.6,4577,264.0,,15149,229
781,2026-08-16,7.8,7840,170.0,,15142,179
780,2026-08-16,7.7,8085,245.0,,15140,151
6758,2026-08-16,6.7,2718,,,15134,132
6884,2026-08-16,6.7,6187,,,15129,105
6288,2026-08-16,6.9,7721,,,15125,230
141352,2026-08-16,6.2,4199,,,15124,166
169315,2026-08-16,7.2,3656,,,15112,246
20485,2026-08-16,7.5,6340,12.0,,15111,243
193968,2026-08-16,6.5,3585,,,15110,183
345,2026-08-16,7.4,3618,,,15096,229
412,2026-08-16,6.0,5055,,,15084,99
11697,2026-08-16,6.7,5355,,,15076,157
104979,2026-08-16,5.5,5146,,,15071,185
124641,2026-08-16,7.3,4477,,,15067,238
98501,2026-08-16,6.7,5099,,,15043,161
2927,2026-08-16,6.9,5273,,,15029,91
144509,2026-08-16,6.7,3595,,,15024,225
16868,2026-08-16,6.9,6617,,,14999,91
101844,2026-08-16,7.5,6928,,,14998,187
136226,2026-08-16,6.6,2988,,,14995,223
21837,2026-08-16,6.2,6549,,,14983,249
197620,2026-08-16,,72,,,14966,125
111137,2026-08-16,6.0,1826,,,14949,137
21294,2026-08-16,5.9,1869,,,14949,151
12079,2026-08-16,6.5,6673,,,14949,144
170893,2026-08-16,7.0,3819,44.0,,14926,148
20814,2026-08-16,6.3,5352,,,14924,101
111323,2026-08-16,6.0,3757,,,14920,146
17651,2026-08-16,6.0,5059,,,14917,73
136263,2026-08-16,6.1,4477,,,14914,164
146650,2026-08-16,5.6,3361,,,14913,119
4879,2026-08-16,6.8,3004,,,14906,152
101002,2026-08-16,6.0,6332,,,14902,72
21772,2026-08-16,6.4,5570,,,14893,92
197178,2026-08-16,7.8,4523,,,14887,204
102,2026-08-16,7.1,5823,,,14881,188
21222,2026-08-16,7.2,5695,,,14880,620
99476,2026-08-16,7.4,6075,,,14844,161
20481,2026-08-16,7.5,6143,,,14806,140
165557,2026-08-16,7.9,6157,,,14774,125
162890,2026-08-16,7.5,3434,,,14769,227
146962,2026-08-16,6.8,4835,,,14769,163
5337,2026-08-16,6.3,8032,,,14763,186
97939,2026-08-16,5.7,4324,,,14760,97
19469,2026-08-16,6.9,5429,,,14747,192
8023,2026-08-16,6.6,5744,,,14740,100
99302,2026-08-16,7.6,6457,,,14725,143
20442,2026-08-16,6.4,5390,,,14725,190
143082,2026-08-16,7.7,5852,73.0,,14724,230
21182,2026-08-16,6.1,5085,,,14722,94
100518,2026-08-16,6.0,5395,,,14714,136
199404,2026-08-16,,156,,,14704,152
20053,2026-08-16,5.7,5039,,,14697,85
125868,2026-08-16,6.1,2926,,,14695,162
21329,2026-08-16,5.9,6141,,,14686,51
531,2026-08-16,7.4,6459,,,14682,325
3594,2026-08-16,6.7,4002,,,14672,122
10156,2026-08-16,6.1,5050,,,14664,90
15005,2026-08-16,6.2,4475,,,14653,113
20045,2026-08-16,6.4,5914,,,14650,104
3407,2026-08-16,6.3,3655,,,14649,105
109089,2026-08-16,6.3,4636,,,14647,175
100659,2026-08-16,6.8,5662,,,14645,160
120257,2026-08-16,7.9,3111,,,14638,229
100957,2026-08-16,7.9,4871,357.0,,14617,455
17157,2026-08-16,6.0,6573,,,14608,174
12187,2026-08-16,7.3,7677,,,14608,72
98662,2026-08-16,7.3,3721,,,14606,147
424,2026-08-16,7.1,2397,,,14592,279
162561,2026-08-16,,248,,,14589,191
135384,2026-08-16,6.8,4091,,,14584,217
2175,2026-08-16,7.5,5872,,,14569,60
118123,2026-08-16,7.8,3450,,,14565,596
2158,2026-08-16,7.5,2960,,,14558,233
4983,2026-08-16,6.7,4177,,,14557,269
892,2026-08-16,6.4,6743,,,14555,103
99528,2026-08-16,6.8,5400,,,14551,119
9712,2026-08-16,6.8,5685,,,14551,88
7367,2026-08-16,6.4,5145,,,14529,117
1577,2026-08-16,7.3,3551,,,14502,191
99753,2026-08-16,6.1,4574,,,14501,78
97619,2026-08-16,7.7,5690,217.0,,14495,297
21713,2026-08-16,6.3,5119,,,14494,81
9917,2026-08-16,6.3,7410,,,14494,52
5252,2026-08-16,7.0,5800,,,14463,104
104308,2026-08-16,5.2,4330,,,14454,102
185543,2026-08-16,,98,,,14452,185
12149,2026-08-16,6.9,5736,,,14451,234
110413,2026-08-16,7.7,6839,227.0,,14437,362
21331,2026-08-16,7.3,5707,,,14423,75
156096,2026-08-16,6.2,1825,,,14383,315
1363,2026-08-16,7.8,7318,179.0,,14383,188
10259,2026-08-16,7.2,4825,,,14377,317
1091,2026-08-16,7.1,7847,,,14377,131
99148,2026-08-16,6.1,5026,,,14376,117
196,2026-08-16,6.4,5856,,,14376,106
192867,2026-08-16,6.0,3171,,,14370,160
9999,2026-08-16,6.4,6761,,,14369,77
21850,2026-08-16,6.6,4470,,,14363,201
188388,2026-08-16,6.8,1368,,,14358,265
98565,2026-08-16,7.4,5507,,,14358,220
2471,2026-08-16,7.6,6765,9.0,,14356,527
136344,2026-08-16,7.4,5527,,,14354,149
558,2026-08-16,7.9,7367,377.0,,14323,206
185857,2026-08-16,7.6,2453,,,14321,279
10372,2026-08-16,6.6,5119,,,14312,63
191974,2026-08-16,7.5,2155,,,14311,315
21729,2026-08-16,7.0,7456,,,14311,170
3225,2026-08-16,7.0,6957,,,14311,70
18495,2026-08-16,6.4,4515,,,14298,82
10232,2026-08-16,7.3,4008,,,14297,151
170650,2026-08-16,5.4,3624,,,14289,165
183423,2026-08-16,7.7,3840,,,14284,266
127227,2026-08-16,7.6,2828,259.0,,14276,128
100744,2026-08-16,7.1,6803,,,14274,152
151606,2026-08-16,7.4,5655,,,14272,248
1520,2026-08-16,7.6,3068,76.0,,14270,342
20531,2026-08-16,6.6,4237,,,14259,176
15487,2026-08-16,7.3,5981,,,14254,80
110200,2026-08-16,5.6,3304,,,14253,117
324,2026-08-16,7.6,2575,,,14249,405
126016,2026-08-16,,270,,,14234,83
7645,2026-08-16,7.9,4432,399.0,,14230,792
120193,2026-08-16,6.7,3002,,,14218,272
7661,2026-08-16,7.2,5344,,,14215,159
487,2026-08-16,6.0,6205,,,14214,92
202523,2026-08-16,4.7,2026,,,14213,172
107704,2026-08-16,8.2,7429,,,14200,506
401,2026-08-16,7.5,5695,,,14194,193
20659,2026-08-16,6.9,6486,,,14191,102
2608,2026-08-16,7.2,3686,,,14190,393
1364,2026-08-16,7.9,7197,154.0,,14189,160
508,2026-08-16,6.7,4977,,,14188,246
145560,2026-08-16,6.6,4280,,,14176,229
21490,2026-08-16,6.3,6471,,,14159,98
198373,2026-08-16,7.5,917,,,14155,122
137804,2026-08-16,7.2,4296,,,14151,125
20717,2026-08-16,7.1,4612,,,14129,142
21640,2026-08-16,7.1,5296,,,14121,109
14511,2026-08-16,7.4,5336,,,14116,93
101313,2026-08-16,7.0,5093,,,14115,200
1669,2026-08-16,6.4,7420,,,14115,141
101981,2026-08-16,6.1,4892,,,14105,340
211308,2026-08-16,6.6,1163,,,14097,139
17821,2026-08-16,6.2,5128,,,14094,62
19855,2026-08-16,6.2,5885,,,14091,83
103237,2026-08-16,7.1,5977,,,14071,132
1951,2026-08-16,6.8,4331,,,14060,206
196144,2026-08-16,6.7,2509,,,14058,195
9925,2026-08-16,6.9,7293,,,14054,71
186190,2026-08-16,6.9,3553,,,14042,224
171040,2026-08-16,6.4,3750,,,14042,275
1092,2026-08-16,7.6,7548,271.0,,14039,282
111733,2026-08-16,6.8,4959,,,14038,154
2685,2026-08-16,7.9,5067,25.0,,14038,261
98402,2026-08-16,6.9,6171,,,14009,137
75,2026-08-16,6.9,2973,,,14000,182
18465,2026-08-16,7.2,5410,,,13994,127
109562,2026-08-16,6.0,4371,,,13984,113
108554,2026-08-16,5.6,4069,,,13984,73
169402,2026-08-16,6.8,4950,,,13981,150
3231,2026-08-16,7.4,6669,,,13978,1658
2030,2026-08-16,6.9,3127,,,13948,156
12671,2026-08-16,6.2,7109,,,13930,69
191788,2026-08-16,,102,,,13928,148
2559,2026-08-16,8.0,3049,340.0,,13927,457
11135,2026-08-16,7.0,5522,,,13915,272
20862,2026-08-16,6.7,6135,,,13900,107
20780,2026-08-16,7.4,6203,,,13900,121
21255,2026-08-16,6.7,5931,,,13885,67
106169,2026-08-16,6.7,5912,,,13884,122
15811,2026-08-16,7.0,6524,,,13883,120
104679,2026-08-16,5.7,3795,,,13879,81
5220,2026-08-16,6.5,3024,,,13879,80
173523,2026-08-16,7.3,3567,,,13871,234
6945,2026-08-16,7.9,6145,,,13861,82
21108,2026-08-16,6.7,5688,,,13853,98
12581,2026-08-16,5.4,6112,,,13853,109
137633,2026-08-16,6.2,3601,,,13849,125
5034,2026-08-16,6.9,4605,,,13837,80
101359,2026-08-16,5.7,2205,,,13825,120
20960,2026-08-16,6.9,6209,,,13803,136
98554,2026-08-16,7.5,5678,,,13797,200
158870,2026-08-16,7.4,5086,,,13796,300
20687,2026-08-16,6.9,6547,,,13794,57
139303,2026-08-16,5.5,2632,,,13781,178
5251,2026-08-16,7.2,5880,,,13773,253
20515,2026-08-16,7.8,7619,172.0,,13758,293
1956,2026-08-16,6.3,4706,,,13750,119
151,2026-08-16,7.1,4519,,,13745,348
131264,2026-08-16,6.9,3539,,,13710,250
205909,2026-08-16,,52,,,13707,178
6624,2026-08-16,7.2,5643,,,13707,85
10536,2026-08-16,7.0,4307,,,13705,139
21359,2026-08-16,6.2,6518,,,13702,56
101382,2026-08-16,5.9,3516,,,13689,125
8449,2026-08-16,5.6,4271,,,13687,127
110738,2026-08-16,6.2,6014,,,13683,124
106,2026-08-16,7.1,3353,,,13674,338
7768,2026-08-16,6.7,4514,,,13672,182
98477,2026-08-16,6.0,3424,,,13658,96
100168,2026-08-16,6.6,5932,,,13655,104
1842,2026-08-16,8.0,7146,308.0,,13646,208
191832,2026-08-16,8.2,298,32.0,,13636,213
10604,2026-08-16,6.3,6002,,,13634,70
21417,2026-08-16,5.4,4881,,,13629,76
184989,2026-08-16,6.1,3084,,,13621,113
108260,2026-08-16,8.0,4637,115.0,,13603,425
171099,2026-08-16,8.3,2016,37.0,,13594,213
20660,2026-08-16,7.0,5407,,,13591,102
5028,2026-08-16,8.3,6507,160.0,,13582,357
113050,2026-08-16,6.8,3666,,,13577,167
62,2026-08-16,6.2,4159,,,13575,85
9938,2026-08-16,7.1,4507,,,13573,127
13709,2026-08-16,7.2,5572,,,13572,176
3287,2026-08-16,1.6,8429,,,13555,22
182544,2026-08-16,,93,,,13546,167
16518,2026-08-16,5.9,5252,,,13524,70
111789,2026-08-16,6.9,5645,,,13521,79
1642,2026-08-16,7.4,3279,,,13521,445
1441,2026-08-16,7.2,4039,,,13512,494
21879,2026-08-16,6.4,6272,,,13487,179
136302,2026-08-16,7.3,2649,,,13486,231
5162,2026-08-16,7.3,6213,,,13481,71
21798,2026-08-16,7.0,2369,,,13472,85
170916,2026-08-16,5.2,1925,,,13465,158
102090,2026-08-16,7.6,4613,83.0,,13465,147
110261,2026-08-16,6.7,5691,,,13460,79
21597,2026-08-16,6.6,4580,,,13456,67
204747,2026-08-16,,169,,,13455,120
111131,2026-08-16,6.2,5058,,,13455,146
21511,2026-08-16,6.2,4057,,,13453,100
9488,2026-08-16,7.0,3251,,,13443,145
198709,2026-08-16,7.1,877,,,13438,147
99720,2026-08-16,5.1,4438,,,13433,63
21053,2026-08-16,6.4,5171,,,13408,96
185753,2026-08-16,7.6,3883,,,13397,311
100181,2026-08-16,6.9,5673,,,13391,137
9117,2026-08-16,6.9,6198,,,13389,90
21683,2026-08-16,6.7,2675,,,13388,83
466,2026-08-16,6.4,5935,,,13381,90
101360,2026-08-16,6.0,4006,,,13369,117
9130,2026-08-16,7.8,6807,50.0,,13359,321
152184,2026-08-16,6.4,3352,,,13347,221
18523,2026-08-16,7.1,7656,38.0,,13343,72
114555,2026-08-16,7.8,4223,,,13336,671
20761,2026-08-16,6.8,6169,,,13312,81
103735,2026-08-16,5.4,3410,,,13296,105
238,2026-08-16,6.9,3359,,,13281,186
13587,2026-08-16,7.2,6081,,,13278,100
2563,2026-08-16,7.9,5454,36.0,,13271,87
110130,2026-08-16,5.2,3828,,,13266,107
1372,2026-08-16,7.3,2218,,,13262,237
100305,2026-08-16,7.1,5495,,,13258,88
187387,2026-08-16,6.3,2880,,,13242,147
10779,2026-08-16,7.1,5292,,,13239,411
109586,2026-08-16,6.2,4056,,,13236,150
10659,2026-08-16,6.5,4903,,,13226,107
4037,2026-08-16,7.1,4270,,,13222,127
2795,2026-08-16,6.1,4165,,,13222,77
102949,2026-08-16,7.4,4652,,,13221,265
163137,2026-08-16,7.3,4106,,,13214,222
1138,2026-08-16,6.8,5345,,,13211,315
101044,2026-08-16,6.0,3447,,,13210,67
87504,2026-08-16,5.2,3290,,,13208,66
20633,2026-08-16,6.8,6329,,,13204,65
190,2026-08-16,6.8,6387,,,13202,72
107138,2026-08-16,7.1,5917,,,13199,125
1568,2026-08-16,6.4,3343,,,13194,109
908,2026-08-16,6.8,5033,,,13192,92
145740,2026-08-16,6.2,1627,,,13191,167
175199,2026-08-16,8.4,3425,31.0,,13188,419
2951,2026-08-16,7.6,6050,,,13162,102
1498,2026-08-16,6.6,5056,,,13153,99
178495,2026-08-16,6.9,3050,,,13148,272
20611,2026-08-16,6.6,4524,,,13146,82
10076,2026-08-16,5.9,6376,,,13139,70
21007,2026-08-16,6.8,5331,,,13127,127
593,2026-08-16,7.2,2767,,,13127,172
106154,2026-08-16,6.2,3216,,,13126,165
20033,2026-08-16,6.0,5711,,,13120,50
2252,2026-08-16,6.4,2516,,,13118,150
21094,2026-08-16,7.2,5935,,,13103,138
20772,2026-08-16,5.9,3630,,,13095,147
107506,2026-08-16,7.1,5019,,,13090,109
21788,2026-08-16,6.5,3827,,,13086,73
19367,2026-08-16,6.0,5375,,,13080,58
7082,2026-08-16,6.5,5153,,,13078,149
21800,2026-08-16,7.0,4145,,,13076,144
15863,2026-08-16,6.9,4507,,,13071,128
179678,2026-08-16,6.3,1846,,,13064,169
109,2026-08-16,6.3,3647,,,13058,117
10740,2026-08-16,6.3,6676,,,13055,55
13093,2026-08-16,7.0,5795,,,13050,155
2225,2026-08-16,7.2,4822,,,13014,412
1047,2026-08-16,7.2,5222,,,13014,181
21209,2026-08-16,6.2,4303,,,13008,135
156395,2026-08-16,6.9,3146,,,13006,206
5597,2026-08-16,6.9,2755,,,12990,67
195201,2026-08-16,,102,,,12977,108
124115,2026-08-16,8.1,5058,98.0,,12971,259
3841,2026-08-16,7.3,4187,24.0,,12962,190
1913,2026-08-16,7.0,3938,,,12955,149
3466,2026-08-16,7.3,5552,,,12954,93
785,2026-08-16,7.0,4679,,,12934,181
176370,2026-08-16,7.6,3160,,,12928,251
9624,2026-08-16,6.1,4668,,,12925,63
3226,2026-08-16,8.0,6520,336.0,,12925,164
1915,2026-08-16,7.3,5264,,,12925,237
102822,2026-08-16,6.0,2807,,,12917,166
5074,2026-08-16,7.9,5350,408.0,,12908,1778
535,2026-08-16,7.7,5212,,,12906,356
4918,2026-08-16,7.7,5129,66.0,,12903,107
104253,2026-08-16,6.5,3583,,,12900,160
1527,2026-08-16,6.3,5146,,,12889,79
20775,2026-08-16,6.1,6022,,,12884,64
3016,2026-08-16,7.8,6130,177.0,,12883,109
1367,2026-08-16,7.8,6084,188.0,,12844,128
21140,2026-08-16,5.9,4872,,,12841,68
98496,2026-08-16,7.5,3502,,,12838,140
109171,2026-08-16,7.1,4248,,,12831,336
18411,2026-08-16,6.8,4606,,,12812,62
5460,2026-08-16,7.9,5921,137.0,,12803,137
161923,2026-08-16,7.5,3766,,,12801,91
177159,2026-08-16,5.4,2816,,,12800,154
177501,2026-08-16,7.2,2232,,,12794,158
9063,2026-08-16,6.4,5285,,,12788,61
5734,2026-08-16,6.2,4357,,,12788,86
20945,2026-08-16,6.5,5632,,,12781,73
6023,2026-08-16,6.8,6400,,,12781,91
97921,2026-08-16,5.7,4082,,,12757,60
334,2026-08-16,7.0,3031,,,12743,231
113570,2026-08-16,5.3,3706,,,12741,81
115800,2026-08-16,7.1,4193,,,12739,193
20842,2026-08-16,7.5,5053,,,12716,207
106495,2026-08-16,6.4,4649,,,12710,71
6864,2026-08-16,7.9,4807,29.0,,12700,161
9539,2026-08-16,6.7,4872,,,12698,225
175124,2026-08-16,6.1,2490,,,12695,115
163205,2026-08-16,7.2,3880,,,12678,236
104530,2026-08-16,6.9,5387,,,12675,121
101501,2026-08-16,6.2,3828,,,12664,118
17919,2026-08-16,6.4,3796,,,12662,127
5152,2026-08-16,6.3,6511,,,12656,74
207385,2026-08-16,,86,,,12641,153
10739,2026-08-16,6.1,5926,,,12629,47
2354,2026-08-16,7.1,5514,,,12622,405
171748,2026-08-16,6.8,3636,,,12618,185
149874,2026-08-16,5.5,2961,,,12603,99
19191,2026-08-16,7.1,5223,,,12601,99
120700,2026-08-16,6.9,3858,,,12597,135
133124,2026-08-16,7.8,2840,187.0,,12578,204
21485,2026-08-16,6.9,5399,,,12574,89
7655,2026-08-16,8.2,6114,211.0,,12570,275
132545,2026-08-16,7.4,2705,,,12551,270
112640,2026-08-16,7.3,2083,,,12531,199
101384,2026-08-16,4.7,2997,,,12530,91
2398,2026-08-16,7.0,6022,,,12524,122
11491,2026-08-16,6.2,5362,,,12514,55
104674,2026-08-16,5.6,4286,,,12497,73
7079,2026-08-16,5.8,4466,,,12485,45
1060,2026-08-16,6.8,3696,,,12481,179
2006,2026-08-16,6.6,5497,,,12456,99
1569,2026-08-16,6.6,3770,,,12456,77
1065,2026-08-16,7.8,2458,492.0,,12423,344
101083,2026-08-16,6.6,5159,,,12421,81
157965,2026-08-16,7.1,4140,,,12418,819
16239,2026-08-16,7.2,5365,,,12415,63
1815,2026-08-16,7.1,5099,,,12402,82
591,2026-08-16,5.9,4472,,,12394,69
98231,2026-08-16,6.3,4262,,,12385,231
539,2026-08-16,7.3,4148,,,12380,248
2386,2026-08-16,6.6,5651,,,12371,71
953,2026-08-16,6.6,3810,,,12369,105
146472,2026-08-16,4.4,2004,,,12360,87
102832,2026-08-16,6.9,4090,,,12335,151
10075,2026-08-16,6.9,4936,,,12332,115
209504,2026-08-16,6.1,593,,,12330,126
137735,2026-08-16,7.1,1735,,,12320,196
133411,2026-08-16,4.9,4241,,,12306,102
146475,2026-08-16,5.0,3707,,,12302,112
4196,2026-08-16,6.2,4038,,,12292,96
2775,2026-08-16,5.3,2848,,,12286,141
107651,2026-08-16,6.9,3434,,,12282,226
18121,2026-08-16,6.5,7184,,,12266,31
100283,2026-08-16,8.2,4989,,,12263,125
4726,2026-08-16,6.8,4883,,,12263,85
12119,2026-08-16,6.6,3659,,,12255,93
6467,2026-08-16,7.8,5744,176.0,,12254,132
115138,2026-08-16,7.4,4675,,,12247,827
101610,2026-08-16,6.5,3347,,,12246,125
185756,2026-08-16,,72,,,12221,128
9065,2026-08-16,7.1,4504,,,12220,149
104278,2026-08-16,7.0,5687,,,12214,91
2985,2026-08-16,7.1,3615,,,12209,158
142914,2026-08-16,7.3,4004,,,12208,209
1000,2026-08-16,7.3,2657,,,12204,252
11371,2026-08-16,7.2,4634,,,12196,110
7748,2026-08-16,6.9,5550,,,12196,232
852,2026-08-16,7.6,1608,,,12193,433
156631,2026-08-16,,309,,,12191,133
204738,2026-08-16,,61,,,12177,129
88,2026-08-16,6.3,5649,,,12174,152
6165,2026-08-16,6.3,4237,,,12170,72
101918,2026-08-16,6.9,4599,,,12169,104
5228,2026-08-16,7.1,5307,,,12161,118
1457,2026-08-16,6.8,2022,,,12160,224
879,2026-08-16,7.0,2400,,,12156,184
129814,2026-08-16,5.3,2478,,,12150,128
99363,2026-08-16,8.1,5143,,,12139,131
98876,2026-08-16,7.7,3146,204.0,,12130,118
9203,2026-08-16,6.2,5209,,,12130,72
116147,2026-08-16,6.1,4649,,,12120,114
15195,2026-08-16,6.9,5201,,,12116,161
20647,2026-08-16,6.0,3553,,,12114,78
113932,2026-08-16,7.4,5707,,,12108,182
873,2026-08-16,6.5,4473,,,12106,104
10622,2026-08-16,6.5,4637,,,12105,64
20461,2026-08-16,6.7,2222,,,12100,93
1366,2026-08-16,7.5,6022,,,12099,104
107202,2026-08-16,7.7,2777,225.0,,12087,139
1023,2026-08-16,7.7,5476,69.0,,12081,184
793,2026-08-16,7.6,5016,258.0,,12081,131
3508,2026-08-16,6.6,3258,,,12078,76
5955,2026-08-16,6.6,5410,,,12076,55
107974,2026-08-16,6.3,4481,,,12071,269
20669,2026-08-16,6.0,6357,,,12070,61
101123,2026-08-16,6.5,3462,,,12062,169
192002,2026-08-16,8.0,3631,119.0,,12059,356
97855,2026-08-16,5.8,4069,,,12057,96
3759,2026-08-16,5.2,5888,,,12045,58
49,2026-08-16,6.9,3997,,,12045,155
99638,2026-08-16,4.9,4841,,,12042,68
131005,2026-08-16,5.9,3265,,,12034,110
1015,2026-08-16,7.2,5551,,,12034,62
21204,2026-08-16,6.3,5831,,,12017,127
845,2026-08-16,6.8,3490,,,12013,170
174596,2026-08-16,7.0,3313,,,12006,167
17259,2026-08-16,6.9,5067,,,12006,61
1257,2026-08-16,7.7,5991,58.0,,12006,343
107351,2026-08-16,7.3,3734,,,11997,128
14653,2026-08-16,6.7,4941,,,11997,68
21828,2026-08-16,6.5,4822,,,11992,558
15729,2026-08-16,6.0,4354,,,11990,101
9201,2026-08-16,7.1,4943,,,11988,116
20551,2026-08-16,6.4,5337,,,11983,59
21043,2026-08-16,7.8,4694,,,11978,109
15489,2026-08-16,6.8,5366,,,11963,300
158791,2026-08-16,6.4,2660,,,11961,273
154591,2026-08-16,8.0,5370,,,11957,368
21702,2026-08-16,5.3,4693,,,11952,53
20813,2026-08-16,5.7,5095,,,11946,97
21786,2026-08-16,7.2,3944,,,11944,82
1506,2026-08-16,7.8,5777,197.0,,11933,101
199448,2026-08-16,8.6,2747,6.0,,11921,279
7902,2026-08-16,7.0,5231,,,11920,83
21295,2026-08-16,7.1,4642,,,11919,143
21325,2026-08-16,6.5,4801,,,11912,71
184574,2026-08-16,6.5,2032,,,11894,134
100811,2026-08-16,6.8,3414,,,11892,185
4134,2026-08-16,6.6,4853,,,11889,102
10017,2026-08-16,6.0,5571,,,11887,75
659,2026-08-16,6.8,5566,,,11877,87
98513,2026-08-16,5.3,2902,,,11876,61
5984,2026-08-16,6.9,2733,,,11876,99
15927,2026-08-16,7.2,6044,,,11875,53
114564,2026-08-16,7.2,4445,,,11871,128
21568,2026-08-16,5.0,4269,,,11868,71
19211,2026-08-16,6.9,5328,,,11868,55
20901,2026-08-16,6.1,4341,,,11867,53
87528,2026-08-16,6.3,4964,,,11861,87
98144,2026-08-16,7.6,3426,,,11860,203
203880,2026-08-16,6.4,785,,,11853,155
176660,2026-08-16,7.4,2905,,,11846,227
21236,2026-08-16,6.6,5944,,,11846,316
120892,2026-08-16,6.7,2608,,,11828,113
97936,2026-08-16,6.0,3754,,,11818,153
19697,2026-08-16,6.8,4117,,,11792,73
204362,2026-08-16,,89,,,11788,91
186920,2026-08-16,6.6,2704,,,11779,121
99894,2026-08-16,5.0,4127,,,11779,107
12503,2026-08-16,5.8,5569,,,11736,44
984,2026-08-16,6.1,5339,,,11733,69
1425,2026-08-16,7.5,3148,,,11727,260
154983,2026-08-16,7.3,5133,,,11721,129
136829,2026-08-16,6.8,3512,,,11719,107
204319,2026-08-16,5.7,1422,,,11711,255
8624,2026-08-16,6.4,5360,,,11710,174
851,2026-08-16,7.8,2756,48.0,,11709,322
252,2026-08-16,7.5,3335,,,11709,1512
1579,2026-08-16,6.9,4228,,,11698,106
2248,2026-08-16,6.3,5885,,,11681,59
4015,2026-08-16,6.9,5562,,,11674,83
20712,2026-08-16,4.8,4529,,,11672,68
5391,2026-08-16,3.6,6696,,,11665,79
20600,2026-08-16,7.1,5995,,,11661,55
185773,2026-08-16,6.1,1772,,,11659,114
98629,2026-08-16,6.9,3331,,,11650,89
117755,2026-08-16,6.1,3186,,,11639,92
99994,2026-08-16,7.4,5019,19.0,,11638,148
105928,2026-08-16,6.1,3395,,,11636,131
100813,2026-08-16,7.2,3821,,,11626,244
20757,2026-08-16,5.4,3363,,,11623,62
110088,2026-08-16,7.4,5327,,,11621,127
242,2026-08-16,7.2,3528,,,11612,183
113692,2026-08-16,7.6,2746,300.0,,11607,141
101695,2026-08-16,7.0,3410,,,11603,94
103713,2026-08-16,7.4,3946,,,11601,230
124561,2026-08-16,8.2,6279,,,11590,369
4447,2026-08-16,7.6,5505,,,11589,114
1079,2026-08-16,6.6,3026,,,11581,126
1668,2026-08-16,6.7,5988,,,11577,174
1505,2026-08-16,7.5,5611,,,11576,93
15609,2026-08-16,6.3,5335,,,11568,66
2962,2026-08-16,6.8,5707,,,11568,132
20739,2026-08-16,6.9,5040,,,11561,181
52,2026-08-16,7.0,3592,,,11551,190
124132,2026-08-16,8.0,3339,118.0,,11541,153
169692,2026-08-16,7.7,3785,,,11531,228
114263,2026-08-16,4.7,4075,,,11517,68
6893,2026-08-16,6.2,4877,,,11516,206
21651,2026-08-16,6.4,5767,,,11501,67
103110,2026-08-16,8.1,3756,266.0,,11499,414
138699,2026-08-16,7.3,4513,,,11498,133
105401,2026-08-16,6.6,2012,,,11498,168
2142,2026-08-16,6.0,4662,,,11496,137
100561,2026-08-16,6.3,5876,,,11493,86
100,2026-08-16,6.7,3430,,,11478,167
197868,2026-08-16,6.7,2193,,,11477,168
209247,2026-08-16,,98,,,11476,159
9014,2026-08-16,5.4,5108,,,11475,102
2582,2026-08-16,7.6,2152,,,11472,374
1953,2026-08-16,6.4,4537,,,11467,50
21057,2026-08-16,7.2,3685,,,11463,85
107913,2026-08-16,7.5,5689,,,11461,163
154392,2026-08-16,6.1,2290,,,11456,119
8985,2026-08-16,6.2,4728,,,11455,61
21638,2026-08-16,7.4,3795,,,11451,92
20793,2026-08-16,5.3,4938,,,11449,69
19193,2026-08-16,6.9,4570,,,11449,91
11813,2026-08-16,7.6,4328,,,11423,135
98866,2026-08-16,7.6,4681,8.0,,11421,151
1813,2026-08-16,7.4,5778,,,11418,60
7334,2026-08-16,6.0,5841,,,11417,107
1352,2026-08-16,7.0,3212,,,11417,192
197731,2026-08-16,6.2,1768,,,11414,144
7044,2026-08-16,7.6,4399,93.0,,11409,63
101830,2026-08-16,7.1,4171,,,11398,72
21649,2026-08-16,7.2,4609,,,11386,130
130402,2026-08-16,5.7,3156,,,11385,71
100780,2026-08-16,7.9,4298,,,11363,276
389,2026-08-16,6.8,3553,,,11339,89
123785,2026-08-16,5.2,2374,,,11336,110
20804,2026-08-16,5.9,3584,,,11332,127
1614,2026-08-16,7.1,5834,,,11328,226
114744,2026-08-16,6.6,4785,,,11307,70
667,2026-08-16,6.2,3873,,,11303,110
566,2026-08-16,6.8,3003,,,11301,124
54,2026-08-16,6.5,4692,,,11299,99
6098,2026-08-16,6.8,3056,,,11295,56
153906,2026-08-16,6.3,5075,,,11290,155
100296,2026-08-16,6.0,2178,,,11277,129
16468,2026-08-16,6.9,4431,,,11277,78
17269,2026-08-16,7.0,5536,,,11274,138
9963,2026-08-16,7.7,5448,214.0,,11265,128
9355,2026-08-16,6.7,4655,,,11252,77
171291,2026-08-16,6.8,1829,,,11249,83
8457,2026-08-16,7.2,4323,,,11246,56
178046,2026-08-16,5.6,2490,,,11242,152
20449,2026-08-16,7.0,4284,,,11241,69
147850,2026-08-16,6.4,2024,,,11239,152
9751,2026-08-16,7.4,4660,,,11237,134
1397,2026-08-16,7.0,3126,,,11234,312
21677,2026-08-16,5.5,3780,,,11229,58
151632,2026-08-16,6.4,3329,,,11214,215
12117,2026-08-16,7.5,5286,,,11210,106
92,2026-08-16,7.2,3628,,,11205,263
140753,2026-08-16,7.2,3185,,,11199,179
103256,2026-08-16,6.6,4497,,,11197,113
19669,2026-08-16,7.1,5346,,,11185,43
97951,2026-08-16,6.1,3035,,,11184,109
107372,2026-08-16,6.1,2429,,,11176,76
6634,2026-08-16,7.2,4449,,,11171,114
142,2026-08-16,7.2,3522,,,11151,278
2321,2026-08-16,7.6,2912,84.0,,11130,450
137227,2026-08-16,6.0,3941,,,11121,77
18045,2026-08-16,6.5,4684,,,11119,80
298,2026-08-16,6.1,4694,,,11117,56
368,2026-08-16,5.9,4772,,,11111,175
8311,2026-08-16,7.4,3986,,,11104,119
1212,2026-08-16,7.2,3622,,,11104,228
2182,2026-08-16,7.0,3224,,,11101,174
162984,2026-08-16,5.3,2388,,,11096,103
8514,2026-08-16,7.3,5955,,,11095,43
20546,2026-08-16,7.8,5097,161.0,,11090,113
5279,2026-08-16,6.6,4967,,,11090,72
20603,2026-08-16,7.3,5208,,,11088,45
2171,2026-08-16,7.2,5290,,,11084,68
137341,2026-08-16,6.4,2790,,,11070,91
98438,2026-08-16,7.7,3829,,,11066,155
366,2026-08-16,5.7,2777,,,11066,112
104562,2026-08-16,6.0,2277,,,11064,113
6633,2026-08-16,6.1,3560,,,11059,107
907,2026-08-16,6.5,3453,,,11058,126
1017,2026-08-16,6.7,2371,,,11055,124
100532,2026-08-16,7.0,4282,,,11053,97
146,2026-08-16,6.2,3575,,,11053,53
18055,2026-08-16,7.3,4373,,,11051,131
940,2026-08-16,6.7,3333,,,11051,55
126793,2026-08-16,5.9,3431,,,11048,93
183984,2026-08-16,6.0,1830,,,11040,94
101090,2026-08-16,6.8,3745,,,11019,109
184034,2026-08-16,6.4,2082,,,11016,105
16910,2026-08-16,6.6,4241,,,11008,60
108939,2026-08-16,7.0,3667,,,11004,140
101318,2026-08-16,6.5,3564,,,11002,109
102064,2026-08-16,5.9,4220,,,10996,71
99963,2026-08-16,6.1,2826,,,10992,134
21658,2026-08-16,7.5,3774,,,10991,222
2273,2026-08-16,7.3,5264,,,10991,195
177814,2026-08-16,7.0,3329,,,10988,157
98603,2026-08-16,5.5,2780,,,10975,115
20709,2026-08-16,7.0,3827,,,10974,112
102508,2026-08-16,6.3,3543,,,10973,142
19653,2026-08-16,6.6,3437,,,10972,102
20866,2026-08-16,6.1,5060,,,10967,57
112719,2026-08-16,5.0,3014,,,10966,84
6791,2026-08-16,6.0,3957,,,10965,86
16123,2026-08-16,7.3,4541,,,10960,93
20371,2026-08-16,7.5,4404,,,10958,227
997,2026-08-16,7.3,4611,,,10953,173
99413,2026-08-16,5.1,3306,,,10946,47
129,2026-08-16,7.0,2507,,,10946,190
10717,2026-08-16,7.2,3638,,,10940,74
20978,2026-08-16,7.6,4978,263.0,,10938,185
141879,2026-08-16,6.5,2732,,,10930,148
1221,2026-08-16,6.2,3398,,,10930,241
202985,2026-08-16,6.5,1934,,,10925,149
209961,2026-08-16,7.0,1713,,,10917,150
9618,2026-08-16,6.3,4837,,,10916,87
19157,2026-08-16,6.6,4116,,,10913,310
930,2026-08-16,7.3,2219,,,10910,275
4038,2026-08-16,6.9,2140,,,10905,64
100341,2026-08-16,5.8,2940,,,10900,72
15881,2026-08-16,5.8,3941,,,10898,82
9996,2026-08-16,7.8,1576,,,10890,286
194,2026-08-16,7.0,3944,,,10889,96
3604,2026-08-16,7.8,5087,440.0,,10888,211
137337,2026-08-16,8.0,3898,21.0,,10866,119
126425,2026-08-16,7.4,2615,,,10857,112
1946,2026-08-16,7.4,2268,,,10856,304
196356,2026-08-16,6.4,585,,,10855,96
18745,2026-08-16,6.8,4947,,,10854,18
134413,2026-08-16,7.4,3079,,,10852,97
103887,2026-08-16,6.7,4492,,,10829,95
159483,2026-08-16,6.3,2740,,,10827,107
4866,2026-08-16,3.6,6136,,,10827,90
17879,2026-08-16,6.2,3844,,,10820,55
7411,2026-08-16,7.1,4657,,,10813,277
98790,2026-08-16,4.7,4318,,,10808,109
20658,2026-08-16,5.7,3245,,,10797,128
20724,2026-08-16,6.7,4563,,,10787,51
10884,2026-08-16,7.2,4328,,,10779,98
13263,2026-08-16,6.4,4500,,,10775,45
106223,2026-08-16,6.2,4596,,,10760,79
208225,2026-08-16,6.5,662,,,10756,117
2385,2026-08-16,6.7,5120,,,10754,75
21470,2026-08-16,7.9,4905,141.0,,10738,162
13171,2026-08-16,6.7,4429,,,10735,49
155399,2026-08-16,7.3,2685,,,10700,186
20940,2026-08-16,5.6,3403,,,10698,73
20686,2026-08-16,6.5,4171,,,10698,60
563,2026-08-16,6.2,3334,,,10693,117
98784,2026-08-16,6.2,3020,,,10689,99
170068,2026-08-16,7.3,3315,,,10683,110
98579,2026-08-16,5.2,4609,,,10679,64
21751,2026-08-16,6.1,3360,,,10670,119
17397,2026-08-16,5.3,4273,,,10670,57
149939,2026-08-16,7.7,3068,,,10664,621
880,2026-08-16,7.3,4481,,,10662,88
8465,2026-08-16,6.2,4565,,,10658,77
21646,2026-08-16,7.5,5023,,,10656,124
89,2026-08-16,6.6,3627,,,10651,238
101973,2026-08-16,7.1,2689,,,10648,203
154037,2026-08-16,6.9,4249,,,10645,101
1483,2026-08-16,7.3,1785,,,10640,136
16419,2026-08-16,6.8,4275,,,10621,209
112324,2026-08-16,6.6,3170,,,10620,139
104077,2026-08-16,6.6,4635,,,10618,199
155,2026-08-16,6.1,3007,,,10606,113
19195,2026-08-16,7.0,3936,,,10598,76
20601,2026-08-16,6.6,4187,,,10594,79
20882,2026-08-16,7.7,4159,,,10591,66
15133,2026-08-16,5.0,4125,,,10585,44
20444,2026-08-16,6.6,6020,,,10580,40
13115,2026-08-16,7.0,3077,,,10576,104
152122,2026-08-16,7.6,2172,,,10575,166
10187,2026-08-16,6.1,3761,,,10572,57
4793,2026-08-16,6.4,5223,,,10566,41
21042,2026-08-16,6.3,3996,,,10555,68
9252,2026-08-16,7.4,5657,,,10554,38
20730,2026-08-16,7.0,4374,,,10552,67
4039,2026-08-16,7.2,2114,,,10548,155
154064,2026-08-16,6.0,422,,,10547,103
21212,2026-08-16,6.9,3158,,,10544,79
4163,2026-08-16,7.5,4742,,,10543,54
2390,2026-08-16,6.7,4215,,,10543,305
131182,2026-08-16,7.7,3048,,,10534,229
122292,2026-08-16,7.3,2905,,,10534,194
1253,2026-08-16,7.4,5483,,,10534,209
17409,2026-08-16,6.3,3440,,,10533,72
174070,2026-08-16,4.7,2070,,,10523,133
20990,2026-08-16,7.5,4224,,,10523,152
140842,2026-08-16,8.4,2053,1.0,,10519,1012
101915,2026-08-16,6.4,2927,,,10517,110
100269,2026-08-16,6.5,3150,,,10510,92
21230,2026-08-16,7.3,4571,,,10510,80
108941,2026-08-16,6.7,4711,,,10509,98
19115,2026-08-16,7.4,2888,,,10503,91
101554,2026-08-16,6.1,4187,,,10501,100
20567,2026-08-16,7.0,4957,,,10490,54
6645,2026-08-16,5.7,3606,,,10474,80
177271,2026-08-16,6.8,1803,,,10468,163
104199,2026-08-16,7.6,4188,86.0,,10466,152
385,2026-08-16,6.0,1575,,,10465,108
9032,2026-08-16,7.1,5542,,,10462,143
1650,2026-08-16,7.1,2052,,,10461,168
221,2026-08-16,6.4,3722,,,10461,142
130058,2026-08-16,7.4,3744,,,10456,608
917,2026-08-16,6.9,4252,,,10437,128
132203,2026-08-16,7.7,3615,,,10432,690
101036,2026-08-16,6.0,3324,,,10423,96
738,2026-08-16,6.7,3050,,,10423,161
404,2026-08-16,6.3,2973,,,10414,136
1524,2026-08-16,7.2,1727,,,10394,217
20662,2026-08-16,6.6,3844,,,10386,145
136435,2026-08-16,6.8,3053,,,10382,126
162147,2026-08-16,7.7,4476,,,10379,225
4262,2026-08-16,6.3,3126,,,10370,54
14735,2026-08-16,7.4,4796,,,10369,73
202564,2026-08-16,,46,,,10366,123
21540,2026-08-16,6.8,3855,,,10356,99
297,2026-08-16,6.2,3244,,,10356,68
159807,2026-08-16,5.0,3790,,,10355,112
132528,2026-08-16,6.9,2953,49.0,,10350,112
2369,2026-08-16,6.6,2573,,,10335,69
146543,2026-08-16,7.5,1721,,,10330,210
200927,2026-08-16,,49,,,10327,78
7870,2026-08-16,6.8,4206,,,10322,43
97590,2026-08-16,6.8,3338,,,10320,81
1696,2026-08-16,6.5,3964,,,10317,75
20871,2026-08-16,6.2,3901,,,10311,78
713,2026-08-16,6.7,4691,,,10310,81
213752,2026-08-16,,53,,,10304,84
125447,2026-08-16,7.0,3804,,,10301,143
2150,2026-08-16,7.9,2670,426.0,,10300,598
21056,2026-08-16,6.8,3226,,,10299,81
139754,2026-08-16,7.8,2635,,,10298,193
20926,2026-08-16,6.1,4847,,,10296,56
1110,2026-08-16,7.2,4325,,,10294,270
106287,2026-08-16,6.1,4935,,,10288,85
103712,2026-08-16,7.6,3594,270.0,,10284,235
101632,2026-08-16,7.5,4889,11.0,,10278,169
21476,2026-08-16,6.9,3492,,,10275,114
12673,2026-08-16,6.8,5142,,,10273,65
517,2026-08-16,7.3,4869,,,10269,44
12929,2026-08-16,5.9,4208,,,10266,126
171115,2026-08-16,7.6,3577,,,10257,168
16982,2026-08-16,6.7,4008,,,10249,56
9465,2026-08-16,7.5,5612,,,10248,34
104989,2026-08-16,5.6,3257,,,10242,78
98338,2026-08-16,6.7,3717,,,10241,50
134120,2026-08-16,7.0,3383,,,10236,251
21893,2026-08-16,7.8,4783,189.0,,10235,270
976,2026-08-16,7.0,3996,,,10235,118
21487,2026-08-16,6.8,3752,,,10222,52
117496,2026-08-16,6.5,3534,,,10210,75
186003,2026-08-16,6.8,2438,,,10208,149
21315,2026-08-16,5.3,4751,,,10202,32
97874,2026-08-16,5.9,2988,,,10190,88
9510,2026-08-16,7.4,5005,,,10181,97
105096,2026-08-16,5.9,2890,,,10175,77
6064,2026-08-16,6.4,3633,,,10172,78
107880,2026-08-16,4.0,3840,,,10163,85
20738,2026-08-16,7.2,4957,,,10162,56
167151,2026-08-16,,77,,,10155,81
10330,2026-08-16,5.8,5035,,,10152,99
1094,2026-08-16,6.7,4426,,,10151,50
103209,2026-08-16,6.6,4101,,,10144,72
190840,2026-08-16,8.4,2954,97.0,,10130,294
1935,2026-08-16,6.6,2182,,,10125,134
821,2026-08-16,7.3,3926,,,10123,82
206166,2026-08-16,4.5,1423,,,10120,170
20451,2026-08-16,6.4,3737,,,10119,69
113416,2026-08-16,5.1,2359,,,10117,67
20760,2026-08-16,8.0,3013,112.0,,10115,87
10308,2026-08-16,6.1,3097,,,10115,56
21208,2026-08-16,6.8,3096,,,10089,84
12669,2026-08-16,6.9,4341,,,10085,63
2942,2026-08-16,7.2,2476,,,10066,139
103588,2026-08-16,7.4,3266,,,10062,95
6046,2026-08-16,7.2,3978,,,10058,76
103119,2026-08-16,7.2,2568,,,10055,176
9724,2026-08-16,7.5,5457,,,10045,36
132420,2026-08-16,8.2,3026,54.0,,10044,220
1361,2026-08-16,5.7,5735,,,10043,53
838,2026-08-16,5.4,2333,,,10034,50
455,2026-08-16,7.3,1783,,,10033,159
107263,2026-08-16,6.3,2413,,,10029,136
850,2026-08-16,5.9,3405,,,10029,86
16051,2026-08-16,6.8,4236,,,10024,73
110789,2026-08-16,6.2,4065,,,10020,87
16608,2026-08-16,2.4,6119,,,10018,45
7580,2026-08-16,6.3,3153,,,10016,73
98860,2026-08-16,6.0,3267,,,10015,78
1601,2026-08-16,6.6,1762,,,10005,75
941,2026-08-16,6.7,2299,,,9990,120
111944,2026-08-16,7.6,3538,285.0,,9986,353
100356,2026-08-16,6.8,3736,,,9974,179
195448,2026-08-16,,77,,,9959,51
10249,2026-08-16,6.5,3765,,,9956,49
107764,2026-08-16,7.0,2630,,,9941,118
21289,2026-08-16,7.6,3639,261.0,,9936,151
293,2026-08-16,6.7,3587,,,9934,303
99569,2026-08-16,5.3,2123,,,9922,69
199793,2026-08-16,,76,,,9918,73
101471,2026-08-16,5.5,3944,,,9903,69
108113,2026-08-16,7.4,3609,,,9896,470
102353,2026-08-16,6.0,5012,,,9890,74
20783,2026-08-16,7.1,3704,,,9888,288
10092,2026-08-16,7.3,5328,,,9882,43
6489,2026-08-16,6.3,3646,,,9881,81
1172,2026-08-16,7.5,4062,,,9881,176
122671,2026-08-16,7.1,2681,,,9873,173
100306,2026-08-16,7.2,3774,,,9872,94
21738,2026-08-16,6.4,2921,,,9868,95
20617,2026-08-16,6.5,1842,,,9844,86
106206,2026-08-16,7.7,4368,230.0,,9839,180
21179,2026-08-16,3.9,4452,,,9838,53
1719,2026-08-16,7.4,4733,,,9836,95
181284,2026-08-16,6.8,1715,,,9829,143
17341,2026-08-16,6.6,5113,,,9813,25
175642,2026-08-16,7.3,2655,,,9809,182
11859,2026-08-16,5.8,2462,,,9806,95
10336,2026-08-16,6.8,3031,,,9805,69
1731,2026-08-16,6.8,3586,,,9799,59
11313,2026-08-16,6.8,3858,,,9792,45
664,2026-08-16,6.8,2953,,,9791,79
107012,2026-08-16,6.3,2380,,,9786,93
1808,2026-08-16,6.6,2754,,,9786,132
146473,2026-08-16,5.9,1779,,,9785,85
105931,2026-08-16,5.8,1440,,,9783,96
1681,2026-08-16,7.0,3592,,,9775,116
5835,2026-08-16,7.1,2438,,,9762,153
690,2026-08-16,6.7,1772,,,9749,118
125682,2026-08-16,6.4,2722,,,9745,119
180332,2026-08-16,7.8,4259,,,9742,89
8634,2026-08-16,6.1,4679,,,9736,145
4938,2026-08-16,7.7,3810,55.0,,9733,112
408,2026-08-16,6.7,4753,,,9730,67
100727,2026-08-16,7.3,3148,,,9728,205
20472,2026-08-16,6.8,4401,,,9720,73
157692,2026-08-16,7.5,1841,,,9719,246
1593,2026-08-16,6.4,4464,,,9719,73
146867,2026-08-16,7.1,2574,,,9714,144
207809,2026-08-16,6.1,761,,,9713,90
17437,2026-08-16,7.5,4439,,,9702,117
179852,2026-08-16,8.2,2270,64.0,,9698,286
21075,2026-08-16,5.2,4105,,,9688,40
165523,2026-08-16,,379,,,9686,141
17725,2026-08-16,6.5,5022,,,9685,39
709,2026-08-16,7.5,2065,,,9677,203
188525,2026-08-16,7.6,1017,,,9672,109
21753,2026-08-16,7.3,3876,,,9669,70
21833,2026-08-16,7.3,2393,,,9666,173
100653,2026-08-16,7.7,4219,247.0,,9662,128
5675,2026-08-16,6.7,2390,,,9648,57
201,2026-08-16,6.9,2883,,,9647,140
10713,2026-08-16,6.9,4323,,,9643,44
10624,2026-08-16,6.9,4466,,,9639,64
108629,2026-08-16,5.7,2349,,,9637,80
21873,2026-08-16,6.3,2592,,,9625,57
98703,2026-08-16,7.2,3774,,,9620,47
176299,2026-08-16,7.9,3719,146.0,,9614,169
113397,2026-08-16,5.6,3373,,,9613,35
161,2026-08-16,6.8,2621,,,9611,96
4618,2026-08-16,6.8,3029,,,9606,66
171026,2026-08-16,7.1,851,,,9601,82
21320,2026-08-16,5.0,3689,,,9590,36
155502,2026-08-16,7.8,3341,452.0,,9568,287
20667,2026-08-16,6.0,3527,,,9555,51
21501,2026-08-16,7.6,3989,,,9548,60
812,2026-08-16,6.2,1979,,,9544,90
21114,2026-08-16,7.4,4238,,,9540,68
100663,2026-08-16,6.3,3617,,,9539,125
206812,2026-08-16,,120,,,9534,174
141953,2026-08-16,7.7,314,,,9530,157
8038,2026-08-16,7.5,4171,,,9527,41
159926,2026-08-16,6.9,2547,,,9524,158
6115,2026-08-16,7.5,4490,,,9523,110
7062,2026-08-16,7.9,4286,387.0,,9515,140
5914,2026-08-16,6.5,3015,,,9510,56
150930,2026-08-16,7.0,1987,,,9493,181
1710,2026-08-16,6.5,3722,,,9485,160
788,2026-08-16,3.6,4018,,,9484,70
432,2026-08-16,6.7,2316,,,9482,155
101387,2026-08-16,6.8,186,,,9478,165
20471,2026-08-16,6.5,3083,,,9475,54
183127,2026-08-16,7.5,2934,,,9467,331
6676,2026-08-16,6.8,4283,,,9457,58
4334,2026-08-16,6.3,2713,,,9439,97
21473,2026-08-16,5.8,4775,,,9438,57
213860,2026-08-16,,83,,,9432,117
17875,2026-08-16,7.0,4915,,,9428,62
110867,2026-08-16,5.9,3049,,,9423,75
101100,2026-08-16,6.6,3067,,,9423,66
20933,2026-08-16,6.9,3688,,,9422,299
933,2026-08-16,6.6,2985,,,9422,91
1858,2026-08-16,7.1,2717,,,9419,131
21614,2026-08-16,6.3,3995,,,9416,313
3323,2026-08-16,5.7,3175,,,9411,92
101500,2026-08-16,5.8,2328,,,9409,59
279,2026-08-16,6.6,1739,,,9409,97
1025,2026-08-16,6.6,1927,,,9407,80
213457,2026-08-16,,20,,,9405,65
184072,2026-08-16,,39,,,9405,91
7720,2026-08-16,7.8,4098,,,9404,133
21171,2026-08-16,6.3,3039,,,9395,74
878,2026-08-16,7.0,2084,,,9383,121
127690,2026-08-16,7.8,4926,5.0,,9381,421
185515,2026-08-16,,115,,,9378,127
114981,2026-08-16,7.4,4586,,,9378,52
6973,2026-08-16,6.4,2191,,,9377,40
98473,2026-08-16,6.8,3256,,,9376,84
4985,2026-08-16,7.6,4178,281.0,,9370,112
10643,2026-08-16,7.6,3520,,,9367,58
101184,2026-08-16,7.2,1392,,,9366,146
1695,2026-08-16,7.7,2051,,,9358,237
98222,2026-08-16,7.5,4267,,,9352,101
937,2026-08-16,5.9,3082,,,9345,80
15359,2026-08-16,6.9,3537,,,9342,45
150078,2026-08-16,6.8,3687,,,9341,102
618,2026-08-16,6.1,2228,,,9340,94
142095,2026-08-16,6.6,2951,,,9339,67
158036,2026-08-16,5.9,1532,,,9338,89
3328,2026-08-16,4.9,4853,,,9335,38
186789,2026-08-16,5.3,1903,,,9332,137
3576,2026-08-16,6.2,4524,,,9332,222
1351,2026-08-16,5.5,2264,,,9332,124
12753,2026-08-16,6.9,3620,,,9329,54
120046,2026-08-16,7.4,3846,,,9327,106
21118,2026-08-16,6.4,3071,,,9325,129
499,2026-08-16,5.8,2978,,,9322,114
209980,2026-08-16,,128,,,9321,133
204060,2026-08-16,7.0,680,,,9319,96
195734,2026-08-16,6.4,1677,,,9314,125
205432,2026-08-16,,69,,,9311,99
20733,2026-08-16,6.7,4045,,,9311,56
91,2026-08-16,7.2,3902,,,9309,125
104434,2026-08-16,6.5,3195,,,9303,79
146975,2026-08-16,7.6,3480,,,9301,262
124612,2026-08-16,5.4,3499,,,9301,126
103118,2026-08-16,6.3,2133,,,9301,112
6867,2026-08-16,6.6,4273,,,9290,158
5593,2026-08-16,6.7,3658,,,9286,64
13429,2026-08-16,7.0,2967,,,9281,44
175868,2026-08-16,6.5,2454,,,9261,215
100661,2026-08-16,7.8,2629,490.0,,9258,446
87526,2026-08-16,6.8,4161,,,9256,39
14045,2026-08-16,5.6,4080,,,9247,19
21422,2026-08-16,5.7,3939,,,9243,41
1240,2026-08-16,7.2,3757,,,9243,170
20922,2026-08-16,6.2,3287,,,9233,60
20938,2026-08-16,6.6,3900,,,9227,26
98833,2026-08-16,6.3,2920,,,9226,69
8187,2026-08-16,6.2,5035,,,9223,43
5526,2026-08-16,6.5,4781,,,9219,49
20833,2026-08-16,6.6,5086,,,9213,31
20608,2026-08-16,6.3,3238,,,9208,74
135584,2026-08-16,7.8,3208,,,9207,389
8241,2026-08-16,5.2,2683,,,9206,42
21302,2026-08-16,5.1,3948,,,9205,56
104,2026-08-16,6.5,2575,,,9205,114
1974,2026-08-16,7.7,1931,,,9203,241
21880,2026-08-16,6.9,3880,,,9202,54
8063,2026-08-16,7.4,4248,,,9202,93
108039,2026-08-16,7.9,3073,395.0,,9199,213
2363,2026-08-16,6.5,3664,,,9196,59
18849,2026-08-16,7.3,4129,,,9189,57
1836,2026-08-16,6.1,3075,,,9189,39
3515,2026-08-16,7.2,4824,,,9185,173
143417,2026-08-16,6.3,2688,,,9184,85
103555,2026-08-16,6.9,2864,,,9182,108
18499,2026-08-16,7.2,3043,,,9175,49
173263,2026-08-16,6.1,1164,,,9174,107
10582,2026-08-16,6.1,4171,,,9173,55
789,2026-08-16,6.5,2920,,,9173,56
20844,2026-08-16,5.1,3595,,,9155,104
132071,2026-08-16,4.0,1957,,,9153,54
21358,2026-08-16,6.7,4323,,,9151,131
46,2026-08-16,7.1,3608,,,9151,67
11827,2026-08-16,6.7,3240,,,9150,339
1469,2026-08-16,6.4,3499,,,9138,121
274,2026-08-16,6.7,2461,,,9131,100
4246,2026-08-16,6.7,3804,,,9128,67
128399,2026-08-16,5.3,1873,,,9125,151
98595,2026-08-16,5.3,647,,,9118,65
20524,2026-08-16,6.2,3975,,,9111,49
118390,2026-08-16,6.4,2855,,,9110,83
156854,2026-08-16,5.0,2111,,,9108,87
116384,2026-08-16,4.5,4652,,,9101,41
129801,2026-08-16,5.7,3156,,,9098,158
162291,2026-08-16,6.5,2917,,,9096,115
568,2026-08-16,6.8,2121,,,9094,122
109217,2026-08-16,6.1,3048,,,9072,77
443,2026-08-16,6.8,4143,,,9072,75
87488,2026-08-16,6.3,3331,,,9071,63
8197,2026-08-16,7.4,4838,,,9070,32
6172,2026-08-16,7.4,4255,,,9062,207
134623,2026-08-16,7.0,2102,,,9060,121
181078,2026-08-16,5.9,1726,,,9059,118
10714,2026-08-16,7.0,4003,,,9055,41
5760,2026-08-16,6.9,1910,,,9049,131
21304,2026-08-16,6.6,3675,,,9042,96
12367,2026-08-16,5.7,2886,,,9038,44
99730,2026-08-16,7.3,1546,,,9034,117
212,2026-08-16,6.7,2838,,,9028,168
16169,2026-08-16,5.5,3919,,,9020,54
890,2026-08-16,7.6,1911,,,9015,301
394,2026-08-16,6.8,3903,,,9003,67
177634,2026-08-16,7.9,1673,375.0,,9001,210
2355,2026-08-16,7.0,4187,,,9000,207
10808,2026-08-16,6.0,3167,,,8997,73
102093,2026-08-16,7.4,3023,,,8994,52
20962,2026-08-16,6.8,3709,,,8992,105
13767,2026-08-16,7.1,3686,,,8989,107
130706,2026-08-16,6.7,2185,,,8987,105
101125,2026-08-16,5.8,2347,,,8986,78
21744,2026-08-16,6.4,3182,,,8982,75
206,2026-08-16,6.7,1798,,,8982,94
20820,2026-08-16,6.4,3097,,,8975,102
17205,2026-08-16,6.0,3611,,,8969,40
11239,2026-08-16,8.0,3774,320.0,,8969,194
2451,2026-08-16,7.4,1990,,,8967,220
189069,2026-08-16,7.8,3158,4.0,,8966,263
20742,2026-08-16,7.4,2169,,,8963,328
137309,2026-08-16,6.6,2160,,,8960,188
2076,2026-08-16,7.6,1526,,,8953,155
21612,2026-08-16,4.8,2718,,,8948,69
196222,2026-08-16,,91,,,8942,92
6291,2026-08-16,6.9,3062,,,8937,46
100009,2026-08-16,6.0,3195,,,8924,70
21830,2026-08-16,6.4,3096,,,8924,52
253,2026-08-16,7.3,2176,,,8917,153
165056,2026-08-16,7.1,2440,,,8916,45
14237,2026-08-16,5.9,2782,,,8914,61
285,2026-08-16,6.5,1548,,,8914,93
145468,2026-08-16,5.7,2806,,,8911,42
210234,2026-08-16,4.9,912,,,8910,122
8302,2026-08-16,5.9,3553,,,8909,99
7337,2026-08-16,6.5,4520,,,8902,85
167984,2026-08-16,7.8,1991,194.0,,8898,129
100486,2026-08-16,7.2,3016,,,8893,425
118166,2026-08-16,7.1,2918,,,8891,417
11005,2026-08-16,5.2,3298,,,8877,51
104200,2026-08-16,7.2,3567,,,8873,62
9735,2026-08-16,7.7,3245,,,8871,64
1557,2026-08-16,7.4,2790,,,8865,1550
204650,2026-08-16,,61,,,8860,105
100227,2026-08-16,6.7,3219,,,8858,71
230,2026-08-16,6.2,2137,,,8853,112
97853,2026-08-16,6.9,3985,,,8847,79
99,2026-08-16,6.9,3101,,,8846,105
18713,2026-08-16,6.8,3948,,,8844,44
21687,2026-08-16,6.5,1936,,,8843,100
185875,2026-08-16,6.5,480,,,8832,120
782,2026-08-16,6.6,1300,,,8828,91
472,2026-08-16,6.4,2162,,,8828,141
124756,2026-08-16,7.3,3170,,,8820,57
136064,2026-08-16,7.6,1570,272.0,,8818,110
129759,2026-08-16,7.7,2570,234.0,,8815,80
9958,2026-08-16,6.8,3692,,,8815,48
191,2026-08-16,6.8,4412,,,8814,52
195496,2026-08-16,,47,,,8812,102
10715,2026-08-16,7.1,3666,,,8802,38
21819,2026-08-16,6.8,3205,,,8800,325
145813,2026-08-16,7.3,3242,,,8794,102
21514,2026-08-16,6.8,2940,,,8782,300
1538,2026-08-16,6.9,2356,,,8780,101
145608,2026-08-16,7.0,2739,,,8764,95
11531,2026-08-16,7.2,4015,,,8758,34
21666,2026-08-16,6.8,2924,,,8756,59
11889,2026-08-16,7.3,4228,,,8748,28
2490,2026-08-16,6.4,3753,,,8744,40
872,2026-08-16,6.7,1421,,,8744,45
10172,2026-08-16,6.0,4019,,,8740,54
213338,2026-08-16,,23,,,8738,76
136303,2026-08-16,5.7,1592,,,8736,90
2043,2026-08-16,7.0,1883,,,8732,151
14645,2026-08-16,6.7,3288,,,8729,88
20726,2026-08-16,5.5,2251,,,8722,85
106915,2026-08-16,7.4,4042,,,8716,134
98186,2026-08-16,6.4,3415,,,8715,61
763,2026-08-16,7.0,3107,,,8715,180
101478,2026-08-16,7.5,3290,,,8714,133
656,2026-08-16,6.8,4544,,,8705,44
125261,2026-08-16,7.4,803,,,8703,64
18429,2026-08-16,7.6,4066,276.0,,8702,109
3914,2026-08-16,6.2,2460,,,8702,160
138452,2026-08-16,5.7,2353,,,8701,58
126242,2026-08-16,6.0,2446,,,8699,183
135513,2026-08-16,7.6,2809,,,8696,506
21001,2026-08-16,7.8,2603,472.0,,8690,433
131878,2026-08-16,6.0,2465,,,8682,82
1921,2026-08-16,7.8,3430,181.0,,8680,427
15591,2026-08-16,7.2,3831,,,8675,44
10716,2026-08-16,7.1,3685,,,8670,42
12695,2026-08-16,6.4,3617,,,8669,89
1218,2026-08-16,6.1,3039,,,8669,53
396,2026-08-16,7.3,2706,,,8667,93
17637,2026-08-16,6.3,3698,,,8659,47
8115,2026-08-16,7.0,2326,,,8659,48
21224,2026-08-16,4.7,3363,,,8649,30
12053,2026-08-16,7.0,3984,,,8644,60
104372,2026-08-16,7.0,2803,,,8641,109
107352,2026-08-16,6.9,2574,,,8640,97
203490,2026-08-16,6.8,578,,,8639,113
182158,2026-08-16,7.2,1532,,,8639,110
209872,2026-08-16,,48,,,8637,62
196840,2026-08-16,5.6,744,,,8628,158
7805,2026-08-16,6.2,3929,,,8628,29
4550,2026-08-16,6.8,3128,,,8621,43
2724,2026-08-16,7.2,4437,,,8608,76
10191,2026-08-16,6.6,2728,,,8605,37
196017,2026-08-16,7.0,737,,,8574,85
2356,2026-08-16,6.2,3331,,,8569,111
13335,2026-08-16,6.8,2645,,,8559,69
16149,2026-08-16,6.2,4174,,,8556,49
209670,2026-08-16,,52,,,8548,87
1048,2026-08-16,5.9,1790,,,8548,92
3549,2026-08-16,6.9,2390,,,8547,101
20682,2026-08-16,6.1,4378,,,8539,48
18039,2026-08-16,5.2,3804,,,8538,41
1362,2026-08-16,6.8,3948,,,8537,164
882,2026-08-16,6.4,3159,,,8537,70
20035,2026-08-16,6.8,3092,,,8536,54
17949,2026-08-16,7.3,3790,,,8527,72
13267,2026-08-16,7.3,3580,,,8518,70
98203,2026-08-16,3.9,3359,,,8506,50
186743,2026-08-16,,53,,,8494,93
16241,2026-08-16,7.3,3872,22.0,,8492,67
5702,2026-08-16,6.4,2247,,,8487,65
12449,2026-08-16,5.7,2888,,,8464,85
1238,2026-08-16,6.9,3341,,,8463,50
1629,2026-08-16,6.4,1455,,,8459,134
12665,2026-08-16,6.1,3610,,,8454,46
21122,2026-08-16,6.5,2954,,,8448,64
211495,2026-08-16,,64,,,8447,110
142481,2026-08-16,7.3,2371,,,8436,148
111145,2026-08-16,7.1,2234,,,8436,170
117085,2026-08-16,6.1,1976,,,8428,76
11917,2026-08-16,8.0,3951,19.0,,8421,94
1299,2026-08-16,6.9,1461,,,8405,94
104371,2026-08-16,7.2,3566,,,8404,130
12017,2026-08-16,7.4,3215,,,8401,82
561,2026-08-16,6.6,1626,,,8399,78
10470,2026-08-16,6.2,3466,,,8385,46
476,2026-08-16,6.8,2888,,,8385,65
104158,2026-08-16,5.0,1924,,,8381,85
553,2026-08-16,6.4,2298,,,8375,121
208352,2026-08-16,7.1,2052,,,8370,123
9930,2026-08-16,7.5,4022,,,8368,96
2213,2026-08-16,7.3,2048,,,8359,153
20486,2026-08-16,5.9,3046,,,8356,49
5041,2026-08-16,6.8,2010,,,8352,61
108356,2026-08-16,5.4,3374,,,8349,73
101920,2026-08-16,7.5,2368,,,8336,356
311,2026-08-16,7.1,1785,,,8336,202
1426,2026-08-16,7.0,1980,,,8333,91
3464,2026-08-16,6.1,2571,,,8331,57
182445,2026-08-16,8.2,2153,27.0,,8328,250
2488,2026-08-16,7.0,2660,,,8328,80
9213,2026-08-16,6.9,3704,,,8324,36
106894,2026-08-16,6.1,2293,,,8321,74
5310,2026-08-16,7.5,3822,,,8321,72
2950,2026-08-16,6.9,3822,,,8313,175
3656,2026-08-16,6.2,2212,,,8312,69
181,2026-08-16,7.0,3773,,,8312,121
157765,2026-08-16,7.2,2533,,,8311,147
146503,2026-08-16,6.9,1809,,,8307,141
87498,2026-08-16,6.6,2141,,,8299,80
21136,2026-08-16,6.6,4619,,,8289,26
20650,2026-08-16,7.0,3091,,,8288,96
383,2026-08-16,6.8,2065,,,8286,142
13859,2026-08-16,5.7,3881,,,8277,30
21609,2026-08-16,6.0,3414,,,8272,74
132467,2026-08-16,7.3,2489,,,8268,157
99672,2026-08-16,5.3,2592,,,8267,43
199217,2026-08-16,,88,,,8266,92
21414,2026-08-16,6.8,3705,,,8266,62
156001,2026-08-16,6.9,2935,,,8265,113
691,2026-08-16,7.1,1138,,,8265,110
206814,2026-08-16,,159,,,8263,141
10448,2026-08-16,6.7,4028,,,8263,49
192,2026-08-16,6.7,4015,,,8260,37
990,2026-08-16,6.7,2891,,,8259,47
1678,2026-08-16,7.0,1942,,,8251,158
113653,2026-08-16,7.7,3077,237.0,,8249,158
20610,2026-08-16,5.0,2439,,,8238,52
5973,2026-08-16,6.1,2566,,,8232,84
98999,2026-08-16,6.8,2328,,,8229,98
169559,2026-08-16,7.0,2235,,,8227,170
171400,2026-08-16,6.7,2183,,,8224,147
20764,2026-08-16,7.5,2938,,,8224,109
107342,2026-08-16,6.9,2564,,,8223,45
124032,2026-08-16,8.0,2493,45.0,,8221,167
21100,2026-08-16,6.9,3290,,,8211,314
176314,2026-08-16,,47,,,8208,78
130997,2026-08-16,5.3,1912,,,8198,62
117197,2026-08-16,7.3,2357,,,8195,148
6548,2026-08-16,6.8,4194,,,8189,37
108978,2026-08-16,7.6,2947,,,8185,487
208192,2026-08-16,,60,,,8184,55
5178,2026-08-16,5.4,3162,,,8154,47
10189,2026-08-16,6.8,3023,,,8152,57
1888,2026-08-16,7.4,3753,,,8145,57
98310,2026-08-16,6.8,2429,,,8136,143
119321,2026-08-16,5.1,3993,,,8126,69
21461,2026-08-16,4.2,2211,,,8125,27
7596,2026-08-16,5.9,3011,,,8125,40
2520,2026-08-16,6.2,3265,,,8125,63
2800,2026-08-16,7.4,2555,,,8117,299
978,2026-08-16,7.7,2678,59.0,,8117,429
4415,2026-08-16,6.4,2981,,,8113,53
863,2026-08-16,6.1,2271,,,8111,52
19581,2026-08-16,6.4,2695,,,8106,79
4705,2026-08-16,6.6,3458,,,8106,31
2449,2026-08-16,7.6,2383,94.0,,8104,75
210483,2026-08-16,,60,,,8099,79
113971,2026-08-16,7.8,793,167.0,,8096,144
191656,2026-08-16,,26,,,8094,66
110464,2026-08-16,7.5,2983,,,8094,222
20512,2026-08-16,6.9,4051,,,8093,42
20573,2026-08-16,5.9,3590,,,8090,43
5163,2026-08-16,6.5,3030,,,8089,37
21707,2026-08-16,5.5,2134,,,8085,41
6361,2026-08-16,6.5,2928,,,8085,13
98704,2026-08-16,7.2,2847,,,8082,38
20630,2026-08-16,6.6,3814,,,8077,45
14941,2026-08-16,7.4,4058,,,8076,129
178312,2026-08-16,5.0,1448,,,8069,91
341,2026-08-16,6.7,2582,,,8068,87
1543,2026-08-16,6.5,2590,,,8066,74
579,2026-08-16,6.3,2798,,,8054,71
860,2026-08-16,6.3,2838,,,8045,50
101337,2026-08-16,4.8,2174,,,8043,67
108598,2026-08-16,6.7,2776,,,8042,79
1563,2026-08-16,7.1,2870,,,8039,139
10834,2026-08-16,6.7,2923,,,8038,40
140700,2026-08-16,6.5,3789,,,8036,50
10302,2026-08-16,6.9,2827,,,8036,94
3791,2026-08-16,6.8,3486,,,8030,58
11769,2026-08-16,5.6,2977,,,8028,41
208754,2026-08-16,5.8,493,,,8025,95
20782,2026-08-16,6.4,3520,,,8025,24
21336,2026-08-16,4.6,2832,,,8023,105
107743,2026-08-16,6.5,1810,,,8022,139
122954,2026-08-16,7.1,2763,,,8004,359
5521,2026-08-16,6.9,3538,,,7997,33
102839,2026-08-16,7.3,2626,,,7996,46
14073,2026-08-16,5.9,2267,,,7994,45
1350,2026-08-16,6.3,1628,,,7990,85
101160,2026-08-16,5.2,2839,,,7988,109
20598,2026-08-16,6.7,3379,,,7987,41
1301,2026-08-16,7.3,2492,,,7986,197
101999,2026-08-16,7.4,2775,,,7985,80
3931,2026-08-16,7.4,2872,,,7980,61
273,2026-08-16,6.4,1502,,,7975,33
21225,2026-08-16,5.8,3117,,,7970,38
110028,2026-08-16,6.5,1676,,,7968,64
21246,2026-08-16,5.5,3785,,,7962,20
214031,2026-08-16,7.6,1332,,,7960,68
2263,2026-08-16,6.8,4413,,,7957,354
127721,2026-08-16,8.1,2580,250.0,,7953,324
109964,2026-08-16,6.6,2142,,,7953,104
17643,2026-08-16,7.0,3641,,,7953,33
5978,2026-08-16,6.7,3845,,,7951,25
183128,2026-08-16,7.1,1989,,,7948,153
2618,2026-08-16,7.7,1907,,,7940,256
10928,2026-08-16,7.0,3892,,,7932,61
102836,2026-08-16,7.3,2611,,,7930,43
108358,2026-08-16,6.1,1751,,,7920,108
104286,2026-08-16,7.2,2737,,,7918,102
3326,2026-08-16,6.4,2897,,,7916,86
100635,2026-08-16,4.9,2862,,,7913,79
995,2026-08-16,7.5,3382,,,7912,51
20490,2026-08-16,5.4,3120,,,7911,18
229,2026-08-16,6.5,2625,,,7910,77
12321,2026-08-16,6.6,3241,,,7906,38
20683,2026-08-16,7.1,4130,,,7904,54
5774,2026-08-16,6.2,3477,,,7899,89
2832,2026-08-16,6.2,3326,,,7894,30
117556,2026-08-16,7.9,2606,158.0,,7891,93
97890,2026-08-16,5.4,3797,,,7891,44
123769,2026-08-16,6.0,2314,,,7890,125
156896,2026-08-16,4.7,1719,,,7877,71
102629,2026-08-16,7.4,2819,,,7877,70
7739,2026-08-16,5.3,4072,,,7877,28
141881,2026-08-16,7.0,1479,,,7868,177
3653,2026-08-16,6.3,2271,,,7868,45
102631,2026-08-16,7.2,2920,,,7867,61
526,2026-08-16,6.7,1520,,,7867,140
106578,2026-08-16,7.0,2865,,,7861,272
13405,2026-08-16,1.7,5174,,,7854,22
886,2026-08-16,6.1,3182,,,7854,43
841,2026-08-16,5.0,2074,,,7852,54
9332,2026-08-16,6.8,3399,,,7850,33
139586,2026-08-16,7.2,2596,,,7849,91
615,2026-08-16,6.5,2030,,,7848,132
177761,2026-08-16,5.3,971,,,7836,94
971,2026-08-16,7.0,2336,,,7835,203
152207,2026-08-16,4.6,2689,,,7834,53
1237,2026-08-16,6.7,3342,,,7832,33
2602,2026-08-16,6.6,2495,,,7826,50
126905,2026-08-16,7.4,2306,,,7820,233
12281,2026-08-16,7.2,3419,,,7820,704
21787,2026-08-16,5.3,2013,,,7815,32
20423,2026-08-16,6.5,3636,,,7814,39
207327,2026-08-16,,42,,,7810,66
99555,2026-08-16,6.8,2870,,,7806,252
98520,2026-08-16,6.9,1952,,,7805,111
1661,2026-08-16,6.0,1465,,,7799,105
87497,2026-08-16,,40,,,7789,49
1151,2026-08-16,6.6,2129,,,7786,104
175422,2026-08-16,6.0,1786,,,7772,98
4903,2026-08-16,6.8,2396,,,7766,49
117067,2026-08-16,6.7,1698,,,7758,103
21338,2026-08-16,6.1,2535,,,7747,102
152302,2026-08-16,5.2,1806,,,7743,97
596,2026-08-16,6.5,3925,,,7736,39
1356,2026-08-16,7.2,2679,,,7726,146
8687,2026-08-16,7.7,2522,,,7723,386
351,2026-08-16,7.5,2973,,,7719,219
2161,2026-08-16,6.2,1615,,,7717,45
1471,2026-08-16,7.8,2484,442.0,,7717,196
9441,2026-08-16,7.3,3558,,,7714,149
3673,2026-08-16,7.1,1821,,,7713,70
157960,2026-08-16,5.9,824,,,7711,67
21252,2026-08-16,6.7,3556,,,7707,22
15439,2026-08-16,6.8,3314,,,7706,92
188892,2026-08-16,,65,,,7705,90
20928,2026-08-16,6.7,3466,,,7704,133
2367,2026-08-16,6.0,2118,,,7701,63
21802,2026-08-16,5.9,2670,,,7700,39
2489,2026-08-16,7.2,1459,,,7699,221
204389,2026-08-16,,56,,,7696,88
98289,2026-08-16,7.2,3797,,,7696,257
1055,2026-08-16,5.4,2316,,,7695,78
101379,2026-08-16,4.5,1928,,,7694,38
122575,2026-08-16,7.9,3465,129.0,,7692,192
98576,2026-08-16,6.2,2649,,,7690,55
21506,2026-08-16,7.3,2237,,,7690,252
483,2026-08-16,6.8,1289,,,7690,57
3363,2026-08-16,6.7,1130,,,7689,51
1270,2026-08-16,6.2,2746,,,7685,70
573,2026-08-16,7.0,2110,,,7684,152
3446,2026-08-16,6.4,4143,,,7683,82
99639,2026-08-16,5.0,2282,,,7682,46
8475,2026-08-16,6.5,2839,,,7678,56
111001,2026-08-16,5.7,2598,,,7676,100
419,2026-08-16,6.4,2412,,,7676,66
417,2026-08-16,5.9,2904,,,7676,69
100537,2026-08-16,6.9,1724,,,7672,90
3165,2026-08-16,7.4,3742,,,7671,44
107313,2026-08-16,7.1,3000,,,7669,85
1192,2026-08-16,5.9,3451,,,7668,48
3359,2026-08-16,6.4,2792,,,7665,40
99054,2026-08-16,5.1,3388,,,7663,40
106896,2026-08-16,6.8,2683,,,7659,110
5957,2026-08-16,6.1,3962,,,7657,31
1728,2026-08-16,7.1,1464,,,7657,157
147463,2026-08-16,6.7,1802,,,7654,101
106750,2026-08-16,3.7,2641,,,7652,64
51,2026-08-16,5.6,2876,,,7637,54
3654,2026-08-16,6.4,2628,,,7628,63
382,2026-08-16,5.8,2830,,,7626,75
20679,2026-08-16,5.9,2911,,,7620,41
2828,2026-08-16,7.9,1653,415.0,,7617,369
87505,2026-08-16,6.5,1938,,,7612,55
3456,2026-08-16,6.3,3874,,,7606,35
3371,2026-08-16,7.8,2255,49.0,,7600,58
122585,2026-08-16,8.1,1804,34.0,,7599,223
3033,2026-08-16,6.7,3194,,,7597,86
2020,2026-08-16,6.8,3325,,,7591,28
21730,2026-08-16,7.4,2120,,,7590,115
164226,2026-08-16,7.4,1732,,,7585,101
19799,2026-08-16,6.4,2629,,,7581,65
7222,2026-08-16,7.8,3460,178.0,,7578,169
110287,2026-08-16,6.7,2162,,,7576,135
21357,2026-08-16,6.8,2645,,,7565,56
9202,2026-08-16,5.8,2405,,,7565,65
4195,2026-08-16,6.6,3575,,,7559,46
564,2026-08-16,6.1,3001,,,7557,59
10153,2026-08-16,8.0,3345,121.0,,7556,148
1488,2026-08-16,7.2,2317,,,7554,220
883,2026-08-16,6.8,2963,,,7547,52
21301,2026-08-16,6.5,4105,,,7546,24
180825,2026-08-16,6.8,1859,,,7541,127
97667,2026-08-16,6.9,3086,,,7540,76
670,2026-08-16,6.3,2533,,,7534,40
21277,2026-08-16,5.4,1902,,,7530,47
124131,2026-08-16,5.2,2175,,,7529,67
100852,2026-08-16,7.6,2571,,,7529,106
1929,2026-08-16,6.8,2742,,,7527,123
1007,2026-08-16,7.4,2783,,,7527,97
147216,2026-08-16,7.4,2652,,,7524,178
108267,2026-08-16,6.7,2902,,,7519,92
4772,2026-08-16,7.7,3257,,,7519,34
407,2026-08-16,7.4,2002,,,7511,116
101085,2026-08-16,5.7,2253,,,7499,80
1516,2026-08-16,6.8,2289,,,7499,173
916,2026-08-16,5.9,2369,,,7499,47
21250,2026-08-16,5.6,1838,,,7498,45
123752,2026-08-16,6.3,1910,,,7495,96
1103,2026-08-16,6.4,1200,,,7495,73
104451,2026-08-16,7.0,2357,,,7494,406
2112,2026-08-16,7.1,2487,,,7489,52
1760,2026-08-16,6.6,2575,,,7486,118
21062,2026-08-16,6.7,3337,,,7475,230
304,2026-08-16,7.2,2996,,,7474,60
15731,2026-08-16,7.6,2675,,,7458,85
108626,2026-08-16,5.4,1264,,,7455,66
168537,2026-08-16,5.2,732,,,7446,70
21260,2026-08-16,6.7,2535,,,7443,144
136150,2026-08-16,5.1,1625,,,7440,93
20750,2026-08-16,5.8,2356,,,7429,72
104749,2026-08-16,6.9,1753,,,7424,87
198727,2026-08-16,,58,,,7423,90
120851,2026-08-16,7.3,2297,,,7423,145
7762,2026-08-16,7.3,2510,,,7423,64
108992,2026-08-16,4.8,333,,,7421,60
132232,2026-08-16,7.1,836,,,7418,48
107,2026-08-16,6.6,1951,,,7417,75
134761,2026-08-16,7.3,2394,,,7415,248
98238,2026-08-16,4.2,2833,,,7413,31
4811,2026-08-16,7.4,3295,,,7408,64
104080,2026-08-16,6.9,2747,,,7402,127
15933,2026-08-16,6.2,2926,,,7397,114
14835,2026-08-16,6.9,3190,,,7394,29
166457,2026-08-16,,34,,,7388,29
1163,2026-08-16,6.4,943,,,7384,94
199597,2026-08-16,,27,,,7383,58
9890,2026-08-16,7.9,3607,31.0,,7382,63
9581,2026-08-16,6.1,3211,,,7370,42
212618,2026-08-16,,29,,,7369,59
120343,2026-08-16,8.1,2240,39.0,,7368,275
111500,2026-08-16,5.4,1625,,,7362,50
8101,2026-08-16,6.1,2716,,,7361,37
3616,2026-08-16,6.4,2500,,,7349,36
100814,2026-08-16,5.1,1992,,,7347,54
1205,2026-08-16,6.6,3039,,,7343,68
157883,2026-08-16,7.4,2287,,,7342,256
116648,2026-08-16,4.9,2812,,,7340,102
4130,2026-08-16,4.5,2898,,,7333,49
105857,2026-08-16,7.5,2223,,,7328,284
102499,2026-08-16,6.3,2126,,,7328,108
108714,2026-08-16,7.0,2666,,,7311,49
198561,2026-08-16,5.7,1526,,,7307,101
112325,2026-08-16,5.2,1612,,,7306,209
97962,2026-08-16,5.7,2261,,,7301,74
807,2026-08-16,6.9,2982,,,7299,55
819,2026-08-16,5.4,3429,,,7292,44
132526,2026-08-16,6.4,1821,,,7291,98
9120,2026-08-16,6.9,2984,,,7291,40
5684,2026-08-16,7.4,2373,,,7284,245
20763,2026-08-16,7.1,2749,,,7279,86
1072,2026-08-16,6.3,2347,,,7278,23
112033,2026-08-16,5.6,1108,,,7275,81
1793,2026-08-16,5.8,2149,,,7273,58
448,2026-08-16,6.6,3102,,,7273,31
98978,2026-08-16,5.8,3310,,,7269,38
1468,2026-08-16,5.9,3272,,,7268,78
388,2026-08-16,7.5,2197,,,7268,152
100785,2026-08-16,6.9,1508,,,7264,77
1810,2026-08-16,5.7,1930,,,7261,45
7651,2026-08-16,7.3,965,,,7258,103
929,2026-08-16,6.9,1121,,,7258,97
123901,2026-08-16,5.8,2263,,,7256,52
13349,2026-08-16,6.9,1760,,,7253,49
204293,2026-08-16,,41,,,7242,88
114959,2026-08-16,6.0,1280,,,7242,111
21513,2026-08-16,6.6,3865,,,7242,22
1045,2026-08-16,6.6,1795,,,7240,74
16636,2026-08-16,5.9,2332,,,7228,42
99637,2026-08-16,6.1,2054,,,7228,62
8728,2026-08-16,6.3,2730,,,7223,27
186914,2026-08-16,6.1,1455,,,7218,89
4760,2026-08-16,5.7,2569,,,7217,67
8918,2026-08-16,6.2,2887,,,7217,117
1525,2026-08-16,6.6,3302,,,7211,40
222,2026-08-16,6.2,1558,,,7209,74
4021,2026-08-16,6.5,1917,,,7205,58
6896,2026-08-16,6.8,2822,,,7200,56
509,2026-08-16,6.3,2532,,,7200,60
277,2026-08-16,6.7,2732,,,7195,55
98868,2026-08-16,7.3,3045,,,7194,34
170913,2026-08-16,6.6,1691,,,7194,350
497,2026-08-16,6.0,1861,,,7193,61
210032,2026-08-16,7.3,1991,,,7190,108
177132,2026-08-16,6.4,211,,,7175,47
14827,2026-08-16,6.2,2537,,,7173,43
19841,2026-08-16,6.2,3177,,,7173,27
209984,2026-08-16,,51,,,7172,49
1932,2026-08-16,7.0,2446,,,7171,139
104437,2026-08-16,5.8,1746,,,7170,76
4028,2026-08-16,6.9,2830,,,7170,55
15633,2026-08-16,6.3,2533,,,7166,36
10444,2026-08-16,6.7,3282,,,7162,109
1859,2026-08-16,6.6,3214,,,7157,69
6795,2026-08-16,6.7,2035,,,7154,60
719,2026-08-16,6.2,2468,,,7148,145
6546,2026-08-16,4.0,2712,,,7147,177
9322,2026-08-16,6.8,2666,,,7140,194
10380,2026-08-16,6.2,3079,,,7139,87
20681,2026-08-16,5.3,2400,,,7138,71
1078,2026-08-16,6.9,3220,,,7137,67
5772,2026-08-16,5.8,3534,,,7136,34
115186,2026-08-16,6.7,2511,,,7131,85
10196,2026-08-16,5.7,3316,,,7121,62
98213,2026-08-16,6.4,2634,,,7120,185
21648,2026-08-16,7.6,2144,,,7120,276
4094,2026-08-16,6.4,3301,,,7105,78
998,2026-08-16,6.5,1512,,,7099,61
151300,2026-08-16,7.2,1049,,,7096,72
1531,2026-08-16,6.6,3157,,,7095,31
6280,2026-08-16,6.2,3944,,,7094,49
21569,2026-08-16,5.0,1661,,,7090,41
101098,2026-08-16,6.5,2375,,,7090,49
15651,2026-08-16,7.0,2419,,,7088,47
110318,2026-08-16,6.1,2326,,,7087,63
137726,2026-08-16,6.9,1292,,,7083,149
171109,2026-08-16,6.4,573,,,7080,39
